"HAULJOIN","SPECIES_CODE","SEX","LENGTH","LENGTH_1MM","WIDTH","WIDTH_1MM","SHELL_CONDITION","EGG_COLOR","EGG_CONDITION","CLUTCH_SIZE","MERUS_LENGTH","CHELA_HEIGHT","DISEASE_CODE","DISEASE_DORSAL","DISEASE_VENTRAL","DISEASE_LEGS","CALCULATED_WEIGHT","CALCULATED_WEIGHT_1MM","WEIGHT","SAMPLING_FACTOR"
899411,69400,1,78,78,NA,NA,1,NA,NA,NA,NA,NA,NA,NA,NA,NA,371.39203501,371.39203501,NA,1
899411,69400,1,82,82,NA,NA,1,NA,NA,NA,NA,NA,NA,NA,NA,NA,431.94128859,431.94128859,NA,1
899411,69400,1,79,79,NA,NA,1,NA,NA,NA,NA,NA,NA,NA,NA,NA,385.95858104,385.95858104,NA,1
899411,68580,2,NA,NA,68,68,1,4,1,5,NA,NA,NA,NA,NA,NA,106.56040798,106.56040798,NA,1
899411,68580,1,NA,NA,83,83,1,NA,NA,NA,NA,NA,NA,NA,NA,NA,234.6289733,234.6289733,NA,1
899411,68580,1,NA,NA,83,83,1,NA,NA,NA,NA,18,NA,NA,NA,NA,234.6289733,234.6289733,NA,1
899411,68580,1,NA,NA,68,68,1,NA,NA,NA,NA,14,NA,NA,NA,NA,126.54791344,126.54791344,NA,1
899411,68580,1,NA,NA,67,67,1,NA,NA,NA,NA,NA,NA,NA,NA,NA,120.8723379,120.8723379,NA,1
899411,68580,1,NA,NA,68,68,1,NA,NA,NA,NA,NA,NA,NA,NA,NA,126.54791344,126.54791344,NA,1
899411,68580,1,NA,NA,68,68,1,NA,NA,NA,NA,NA,NA,NA,NA,NA,126.54791344,126.54791344,NA,1
899411,68580,1,NA,NA,79,79,1,NA,NA,NA,NA,14,NA,NA,NA,NA,201.34574804,201.34574804,NA,1
899411,68580,1,NA,NA,70,70,1,NA,NA,NA,NA,NA,NA,NA,NA,NA,138.43525375,138.43525375,NA,1
899411,68580,1,NA,NA,77,77,1,NA,NA,NA,NA,NA,NA,NA,NA,NA,185.97318092,185.97318092,NA,1
899411,68580,1,NA,NA,74,74,1,NA,NA,NA,NA,14,NA,NA,NA,NA,164.43520838,164.43520838,NA,1
899411,68580,1,NA,NA,70,70,1,NA,NA,NA,NA,NA,NA,NA,NA,NA,138.43525375,138.43525375,NA,1
899411,68580,1,NA,NA,96,96,1,NA,NA,NA,NA,NA,NA,NA,NA,NA,368.21950065,368.21950065,NA,1
899411,68580,1,NA,NA,73,73,1,NA,NA,NA,NA,12,NA,NA,NA,NA,157.64985653,157.64985653,NA,1
899411,68580,1,NA,NA,81,81,1,NA,NA,NA,NA,12,NA,NA,NA,NA,217.55657423,217.55657423,NA,1
899411,68580,1,NA,NA,80,80,1,NA,NA,NA,NA,NA,NA,NA,NA,NA,209.34492297,209.34492297,NA,1
899411,68580,1,NA,NA,72,72,1,NA,NA,NA,NA,11,NA,NA,NA,NA,151.05667047,151.05667047,NA,1
899411,68580,1,NA,NA,79,79,1,NA,NA,NA,NA,NA,NA,NA,NA,NA,201.34574804,201.34574804,NA,1
899411,68580,1,NA,NA,88,88,2,NA,NA,NA,NA,15,NA,NA,NA,NA,281.23285203,281.23285203,NA,1
899411,68580,1,NA,NA,74,74,2,NA,NA,NA,NA,13,NA,NA,NA,NA,164.43520838,164.43520838,NA,1
899411,68580,1,NA,NA,67,67,2,NA,NA,NA,NA,11,NA,NA,NA,NA,120.8723379,120.8723379,NA,1
899411,68580,1,NA,NA,73,73,2,NA,NA,NA,NA,NA,NA,NA,NA,NA,157.64985653,157.64985653,NA,1
899411,68580,1,NA,NA,76,76,2,NA,NA,NA,NA,17,NA,NA,NA,NA,178.59397457,178.59397457,NA,1
899411,68580,1,NA,NA,42,42,2,NA,NA,NA,NA,6,NA,NA,NA,NA,28.45279899,28.45279899,NA,1
899411,68580,1,NA,NA,41,41,2,NA,NA,NA,NA,6,NA,NA,NA,NA,26.40650351,26.40650351,NA,1
899411,68580,1,NA,NA,41,41,2,NA,NA,NA,NA,6,NA,NA,NA,NA,26.40650351,26.40650351,NA,1
899411,68580,1,NA,NA,36,36,2,NA,NA,NA,NA,NA,NA,NA,NA,NA,17.65118435,17.65118435,NA,1
899411,68580,1,NA,NA,37,37,2,NA,NA,NA,NA,NA,NA,NA,NA,NA,19.21448532,19.21448532,NA,1
899411,68580,1,NA,NA,43,43,2,NA,NA,NA,NA,NA,NA,NA,NA,NA,30.60386911,30.60386911,NA,1
899411,68580,1,NA,NA,37,37,2,NA,NA,NA,NA,NA,NA,NA,NA,NA,19.21448532,19.21448532,NA,1
899411,68580,1,NA,NA,41,41,2,NA,NA,NA,NA,NA,NA,NA,NA,NA,26.40650351,26.40650351,NA,1
899446,68580,1,NA,NA,106,106,1,NA,NA,NA,NA,NA,NA,NA,NA,NA,500.49060382,500.49060382,NA,3.6
899446,68580,1,NA,NA,78,78,1,NA,NA,NA,NA,15,NA,NA,NA,NA,193.55613699,193.55613699,NA,3.6
899446,68580,1,NA,NA,90,90,1,NA,NA,NA,NA,NA,NA,NA,NA,NA,301.50515121,301.50515121,NA,3.6
899446,68580,1,NA,NA,94,94,1,NA,NA,NA,NA,19,NA,NA,NA,NA,344.97484272,344.97484272,NA,3.6
899446,68580,1,NA,NA,81,81,1,NA,NA,NA,NA,NA,NA,NA,NA,NA,217.55657423,217.55657423,NA,3.6
899446,68580,1,NA,NA,86,86,1,NA,NA,NA,NA,16,NA,NA,NA,NA,261.90415777,261.90415777,NA,3.6
899421,68580,1,NA,NA,99,99,1,NA,NA,NA,NA,19,NA,NA,NA,NA,405.0404107,405.0404107,NA,5.2616
899421,68580,1,NA,NA,94,94,1,NA,NA,NA,NA,NA,NA,NA,NA,NA,344.97484272,344.97484272,NA,5.2616
899421,68580,1,NA,NA,106,106,1,NA,NA,NA,NA,NA,NA,NA,NA,NA,500.49060382,500.49060382,NA,5.2616
899421,68580,1,NA,NA,110,110,1,NA,NA,NA,NA,NA,NA,NA,NA,NA,561.33339435,561.33339435,NA,5.2616
899421,68580,1,NA,NA,94,94,1,NA,NA,NA,NA,NA,NA,NA,NA,NA,344.97484272,344.97484272,NA,5.2616
899421,68580,1,NA,NA,103,103,1,NA,NA,NA,NA,NA,NA,NA,NA,NA,457.90711754,457.90711754,NA,5.2616
899421,68580,1,NA,NA,110,110,1,NA,NA,NA,NA,29,NA,NA,NA,NA,561.33339435,561.33339435,NA,5.2616
899421,68580,1,NA,NA,102,102,1,NA,NA,NA,NA,NA,NA,NA,NA,NA,444.27734632,444.27734632,NA,5.2616
899421,68580,1,NA,NA,97,97,1,NA,NA,NA,NA,NA,NA,NA,NA,NA,380.22964637,380.22964637,NA,5.2616
899421,68580,1,NA,NA,106,106,1,NA,NA,NA,NA,NA,NA,NA,NA,NA,500.49060382,500.49060382,NA,5.2616
899421,68580,1,NA,NA,105,105,1,NA,NA,NA,NA,NA,NA,NA,NA,NA,486.01075673,486.01075673,NA,5.2616
899421,68580,1,NA,NA,115,115,1,NA,NA,NA,NA,NA,NA,NA,NA,NA,644.1897785,644.1897785,NA,5.2616
899421,68580,1,NA,NA,108,108,1,NA,NA,NA,NA,NA,NA,NA,NA,NA,530.32132162,530.32132162,NA,5.2616
899421,68580,1,NA,NA,100,100,1,NA,NA,NA,NA,NA,NA,NA,NA,NA,417.84697396,417.84697396,NA,5.2616
899421,68580,1,NA,NA,112,112,1,NA,NA,NA,NA,NA,NA,NA,NA,NA,593.55084792,593.55084792,NA,5.2616
899421,68580,1,NA,NA,94,94,1,NA,NA,NA,NA,NA,NA,NA,NA,NA,344.97484272,344.97484272,NA,5.2616
899421,68580,1,NA,NA,110,110,1,NA,NA,NA,NA,26,NA,NA,NA,NA,561.33339435,561.33339435,NA,5.2616
899421,68580,1,NA,NA,100,100,1,NA,NA,NA,NA,NA,NA,NA,NA,NA,417.84697396,417.84697396,NA,5.2616
899421,68580,1,NA,NA,105,105,1,NA,NA,NA,NA,NA,NA,NA,NA,NA,486.01075673,486.01075673,NA,5.2616
899421,68580,1,NA,NA,112,112,1,NA,NA,NA,NA,NA,NA,NA,NA,NA,593.55084792,593.55084792,NA,5.2616
899421,68580,1,NA,NA,94,94,1,NA,NA,NA,NA,NA,NA,NA,NA,NA,344.97484272,344.97484272,NA,5.2616
899421,68580,1,NA,NA,96,96,1,NA,NA,NA,NA,17,NA,NA,NA,NA,368.21950065,368.21950065,NA,5.2616
899421,68580,1,NA,NA,98,98,1,NA,NA,NA,NA,NA,NA,NA,NA,NA,392.50229277,392.50229277,NA,5.2616
899421,68580,1,NA,NA,103,103,1,NA,NA,NA,NA,NA,NA,NA,NA,NA,457.90711754,457.90711754,NA,5.2616
899421,68580,1,NA,NA,109,109,1,NA,NA,NA,NA,24,NA,NA,NA,NA,545.678188,545.678188,NA,5.2616
899421,68580,1,NA,NA,92,92,1,NA,NA,NA,NA,NA,NA,NA,NA,NA,322.74461217,322.74461217,NA,5.2616
899421,68580,1,NA,NA,94,94,1,NA,NA,NA,NA,17,NA,NA,NA,NA,344.97484272,344.97484272,NA,5.2616
899421,68580,1,NA,NA,120,120,1,NA,NA,NA,NA,NA,NA,NA,NA,NA,734.95646285,734.95646285,NA,5.2616
899421,68580,1,NA,NA,95,95,1,NA,NA,NA,NA,23,NA,NA,NA,NA,356.46888772,356.46888772,NA,5.2616
899421,68580,1,NA,NA,109,109,1,NA,NA,NA,NA,27,NA,NA,NA,NA,545.678188,545.678188,NA,5.2616
899421,68580,1,NA,NA,109,109,1,NA,NA,NA,NA,27,NA,NA,NA,NA,545.678188,545.678188,NA,5.2616
899421,68580,1,NA,NA,114,114,1,NA,NA,NA,NA,28,NA,NA,NA,NA,626.99775076,626.99775076,NA,5.2616
899421,68580,1,NA,NA,110,110,1,NA,NA,NA,NA,NA,NA,NA,NA,NA,561.33339435,561.33339435,NA,5.2616
899421,68580,1,NA,NA,90,90,1,NA,NA,NA,NA,NA,NA,NA,NA,NA,301.50515121,301.50515121,NA,5.2616
899421,68580,1,NA,NA,99,99,1,NA,NA,NA,NA,NA,NA,NA,NA,NA,405.0404107,405.0404107,NA,5.2616
899421,68580,1,NA,NA,100,100,1,NA,NA,NA,NA,NA,NA,NA,NA,NA,417.84697396,417.84697396,NA,5.2616
899421,68580,1,NA,NA,102,102,1,NA,NA,NA,NA,NA,NA,NA,NA,NA,444.27734632,444.27734632,NA,5.2616
899421,68580,1,NA,NA,89,89,1,NA,NA,NA,NA,NA,NA,NA,NA,NA,291.24957991,291.24957991,NA,5.2616
899421,68580,1,NA,NA,118,118,1,NA,NA,NA,NA,NA,NA,NA,NA,NA,697.67638651,697.67638651,NA,5.2616
899421,68580,1,NA,NA,106,106,1,NA,NA,NA,NA,NA,NA,NA,NA,NA,500.49060382,500.49060382,NA,5.2616
899421,68580,1,NA,NA,98,98,1,NA,NA,NA,NA,NA,NA,NA,NA,NA,392.50229277,392.50229277,NA,5.2616
899421,68580,1,NA,NA,98,98,1,NA,NA,NA,NA,NA,NA,NA,NA,NA,392.50229277,392.50229277,NA,5.2616
899421,68580,1,NA,NA,110,110,1,NA,NA,NA,NA,NA,NA,NA,NA,NA,561.33339435,561.33339435,NA,5.2616
899421,68580,1,NA,NA,112,112,1,NA,NA,NA,NA,NA,NA,NA,NA,NA,593.55084792,593.55084792,NA,5.2616
899421,68580,1,NA,NA,108,108,1,NA,NA,NA,NA,NA,NA,NA,NA,NA,530.32132162,530.32132162,NA,5.2616
899421,68580,1,NA,NA,105,105,1,NA,NA,NA,NA,NA,NA,NA,NA,NA,486.01075673,486.01075673,NA,5.2616
899421,68580,1,NA,NA,91,91,1,NA,NA,NA,NA,NA,NA,NA,NA,NA,312.00251216,312.00251216,NA,5.2616
899421,68580,1,NA,NA,103,103,1,NA,NA,NA,NA,NA,NA,NA,NA,NA,457.90711754,457.90711754,NA,5.2616
899421,68580,1,NA,NA,92,92,1,NA,NA,NA,NA,NA,NA,NA,NA,NA,322.74461217,322.74461217,NA,5.2616
899421,68580,1,NA,NA,99,99,1,NA,NA,NA,NA,NA,NA,NA,NA,NA,405.0404107,405.0404107,NA,5.2616
899421,68580,1,NA,NA,90,90,1,NA,NA,NA,NA,NA,NA,NA,NA,NA,301.50515121,301.50515121,NA,5.2616
899421,68580,1,NA,NA,136,136,1,NA,NA,NA,NA,NA,NA,NA,NA,NA,1082.98152011,1082.98152011,NA,5.2616
899421,68580,1,NA,NA,104,104,1,NA,NA,NA,NA,NA,NA,NA,NA,NA,471.81725829,471.81725829,NA,5.2616
899421,68580,1,NA,NA,95,95,1,NA,NA,NA,NA,NA,NA,NA,NA,NA,356.46888772,356.46888772,NA,5.2616
899398,68580,1,NA,NA,92,92,1,NA,NA,NA,NA,NA,NA,NA,NA,NA,322.74461217,322.74461217,NA,2.1854
899398,68580,1,NA,NA,118,118,1,NA,NA,NA,NA,NA,NA,NA,NA,NA,697.67638651,697.67638651,NA,2.1854
899398,68580,1,NA,NA,88,88,1,NA,NA,NA,NA,NA,NA,NA,NA,NA,281.23285203,281.23285203,NA,2.1854
899398,68580,1,NA,NA,98,98,1,NA,NA,NA,NA,NA,NA,NA,NA,NA,392.50229277,392.50229277,NA,2.1854
899398,68580,1,NA,NA,103,103,1,NA,NA,NA,NA,NA,NA,NA,NA,NA,457.90711754,457.90711754,NA,2.1854
899398,68580,1,NA,NA,102,102,1,NA,NA,NA,NA,NA,NA,NA,NA,NA,444.27734632,444.27734632,NA,2.1854
899398,68580,1,NA,NA,102,102,1,NA,NA,NA,NA,NA,NA,NA,NA,NA,444.27734632,444.27734632,NA,2.1854
899398,68580,1,NA,NA,95,95,1,NA,NA,NA,NA,NA,NA,NA,NA,NA,356.46888772,356.46888772,NA,2.1854
899398,68580,1,NA,NA,95,95,1,NA,NA,NA,NA,NA,NA,NA,NA,NA,356.46888772,356.46888772,NA,2.1854
899398,68580,1,NA,NA,108,108,1,NA,NA,NA,NA,NA,NA,NA,NA,NA,530.32132162,530.32132162,NA,2.1854
899398,68580,1,NA,NA,103,103,1,NA,NA,NA,NA,NA,NA,NA,NA,NA,457.90711754,457.90711754,NA,2.1854
899398,68580,1,NA,NA,66,66,2,NA,NA,NA,NA,13,NA,NA,NA,NA,115.37166875,115.37166875,NA,2.1854
899398,68580,1,NA,NA,77,77,3,NA,NA,NA,NA,18,NA,NA,NA,NA,185.97318092,185.97318092,NA,2.1854
899398,68580,1,NA,NA,71,71,3,NA,NA,NA,NA,17,NA,NA,NA,NA,144.65276374,144.65276374,NA,2.1854
899398,68580,1,NA,NA,70,70,3,NA,NA,NA,NA,NA,NA,NA,NA,NA,138.43525375,138.43525375,NA,2.1854
899398,68580,1,NA,NA,75,75,3,NA,NA,NA,NA,NA,NA,NA,NA,NA,171.41561635,171.41561635,NA,2.1854
899398,68580,1,NA,NA,58,58,3,NA,NA,NA,NA,12,NA,NA,NA,NA,77.32036664,77.32036664,NA,2.1854
899398,68580,1,NA,NA,61,61,3,NA,NA,NA,NA,13,NA,NA,NA,NA,90.39188619,90.39188619,NA,2.1854
899398,68580,1,NA,NA,81,81,3,NA,NA,NA,NA,18,NA,NA,NA,NA,217.55657423,217.55657423,NA,2.1854
899398,68580,1,NA,NA,72,72,3,NA,NA,NA,NA,16,NA,NA,NA,NA,151.05667047,151.05667047,NA,2.1854
899398,68580,1,NA,NA,48,48,4,NA,NA,NA,NA,9,NA,NA,NA,NA,43.02696642,43.02696642,NA,2.1854
899398,68580,1,NA,NA,65,65,4,NA,NA,NA,NA,13,NA,NA,NA,NA,110.04304366,110.04304366,NA,2.1854
899398,68580,1,NA,NA,77,77,5,NA,NA,NA,NA,13,NA,NA,NA,NA,185.97318092,185.97318092,NA,2.1854
899398,68580,1,NA,NA,77,77,5,NA,NA,NA,NA,18,NA,NA,NA,NA,185.97318092,185.97318092,NA,2.1854
899398,68590,2,NA,NA,67,67,2,0,0,0,NA,NA,NA,NA,NA,NA,92.39052115,92.39052115,NA,1
899398,68590,2,NA,NA,74,74,2,4,1,2,NA,NA,NA,NA,NA,NA,133.98937372,133.98937372,NA,1
899398,68590,2,NA,NA,69,69,2,0,0,0,NA,NA,NA,NA,NA,NA,100.05179325,100.05179325,NA,1
899398,69400,1,87,87,NA,NA,3,NA,NA,NA,NA,NA,NA,NA,NA,NA,516.48180713,516.48180713,NA,1
899399,68590,1,NA,NA,63,63,2,NA,NA,NA,NA,NA,NA,NA,NA,NA,99.89049751,99.89049751,NA,1
899399,69400,1,93,93,NA,NA,1,NA,NA,NA,NA,NA,NA,NA,NA,NA,631.72111029,631.72111029,NA,1
899399,69400,1,89,89,NA,NA,1,NA,NA,NA,NA,NA,NA,NA,NA,NA,553.17775242,553.17775242,NA,1
899399,69400,1,76,76,NA,NA,1,NA,NA,NA,NA,NA,NA,NA,NA,NA,343.37125362,343.37125362,NA,1
899445,68580,1,NA,NA,84,84,1,NA,NA,NA,NA,NA,NA,NA,NA,NA,243.49556361,243.49556361,NA,4.0808
899445,68580,1,NA,NA,91,91,1,NA,NA,NA,NA,NA,NA,NA,NA,NA,312.00251216,312.00251216,NA,4.0808
899445,68580,1,NA,NA,104,104,1,NA,NA,NA,NA,NA,NA,NA,NA,NA,471.81725829,471.81725829,NA,4.0808
899445,68580,1,NA,NA,96,96,1,NA,NA,NA,NA,NA,NA,NA,NA,NA,368.21950065,368.21950065,NA,4.0808
899445,68580,1,NA,NA,91,91,1,NA,NA,NA,NA,NA,NA,NA,NA,NA,312.00251216,312.00251216,NA,4.0808
899445,68580,1,NA,NA,103,103,1,NA,NA,NA,NA,NA,NA,NA,NA,NA,457.90711754,457.90711754,NA,4.0808
899445,68580,1,NA,NA,105,105,1,NA,NA,NA,NA,NA,NA,NA,NA,NA,486.01075673,486.01075673,NA,4.0808
899445,68580,1,NA,NA,101,101,1,NA,NA,NA,NA,NA,NA,NA,NA,NA,430.9249593,430.9249593,NA,4.0808
899445,68580,1,NA,NA,103,103,1,NA,NA,NA,NA,NA,NA,NA,NA,NA,457.90711754,457.90711754,NA,4.0808
899445,68580,1,NA,NA,71,71,1,NA,NA,NA,NA,NA,NA,NA,NA,NA,144.65276374,144.65276374,NA,4.0808
899445,68580,1,NA,NA,87,87,1,NA,NA,NA,NA,NA,NA,NA,NA,NA,271.45202457,271.45202457,NA,4.0808
899445,68580,1,NA,NA,78,78,1,NA,NA,NA,NA,NA,NA,NA,NA,NA,193.55613699,193.55613699,NA,4.0808
899445,68580,1,NA,NA,104,104,1,NA,NA,NA,NA,NA,NA,NA,NA,NA,471.81725829,471.81725829,NA,4.0808
899445,68580,1,NA,NA,91,91,1,NA,NA,NA,NA,NA,NA,NA,NA,NA,312.00251216,312.00251216,NA,4.0808
899445,68580,1,NA,NA,88,88,1,NA,NA,NA,NA,NA,NA,NA,NA,NA,281.23285203,281.23285203,NA,4.0808
899445,68580,1,NA,NA,81,81,1,NA,NA,NA,NA,NA,NA,NA,NA,NA,217.55657423,217.55657423,NA,4.0808
899445,68580,1,NA,NA,97,97,1,NA,NA,NA,NA,NA,NA,NA,NA,NA,380.22964637,380.22964637,NA,4.0808
899445,68580,1,NA,NA,90,90,1,NA,NA,NA,NA,NA,NA,NA,NA,NA,301.50515121,301.50515121,NA,4.0808
899445,68580,1,NA,NA,99,99,1,NA,NA,NA,NA,NA,NA,NA,NA,NA,405.0404107,405.0404107,NA,4.0808
899445,68580,1,NA,NA,88,88,1,NA,NA,NA,NA,NA,NA,NA,NA,NA,281.23285203,281.23285203,NA,4.0808
899445,68580,1,NA,NA,95,95,1,NA,NA,NA,NA,NA,NA,NA,NA,NA,356.46888772,356.46888772,NA,4.0808
899445,68580,1,NA,NA,85,85,1,NA,NA,NA,NA,NA,NA,NA,NA,NA,252.58631517,252.58631517,NA,4.0808
899445,68580,1,NA,NA,94,94,1,NA,NA,NA,NA,NA,NA,NA,NA,NA,344.97484272,344.97484272,NA,4.0808
899445,68580,1,NA,NA,97,97,1,NA,NA,NA,NA,NA,NA,NA,NA,NA,380.22964637,380.22964637,NA,4.0808
899445,68580,1,NA,NA,82,82,1,NA,NA,NA,NA,NA,NA,NA,NA,NA,225.98361783,225.98361783,NA,4.0808
899445,68580,1,NA,NA,92,92,1,NA,NA,NA,NA,NA,NA,NA,NA,NA,322.74461217,322.74461217,NA,4.0808
899445,68580,1,NA,NA,100,100,1,NA,NA,NA,NA,NA,NA,NA,NA,NA,417.84697396,417.84697396,NA,4.0808
899445,68580,1,NA,NA,85,85,1,NA,NA,NA,NA,NA,NA,NA,NA,NA,252.58631517,252.58631517,NA,4.0808
899445,68580,1,NA,NA,86,86,1,NA,NA,NA,NA,NA,NA,NA,NA,NA,261.90415777,261.90415777,NA,4.0808
899445,68580,1,NA,NA,108,108,1,NA,NA,NA,NA,NA,NA,NA,NA,NA,530.32132162,530.32132162,NA,4.0808
899445,68580,1,NA,NA,82,82,1,NA,NA,NA,NA,NA,NA,NA,NA,NA,225.98361783,225.98361783,NA,4.0808
899445,68580,1,NA,NA,98,98,1,NA,NA,NA,NA,NA,NA,NA,NA,NA,392.50229277,392.50229277,NA,4.0808
899445,68580,1,NA,NA,105,105,1,NA,NA,NA,NA,NA,NA,NA,NA,NA,486.01075673,486.01075673,NA,4.0808
899445,68580,1,NA,NA,78,78,1,NA,NA,NA,NA,NA,NA,NA,NA,NA,193.55613699,193.55613699,NA,4.0808
899445,68580,1,NA,NA,86,86,1,NA,NA,NA,NA,NA,NA,NA,NA,NA,261.90415777,261.90415777,NA,4.0808
899445,68580,1,NA,NA,107,107,1,NA,NA,NA,NA,NA,NA,NA,NA,NA,515.25979329,515.25979329,NA,4.0808
899445,68580,1,NA,NA,92,92,1,NA,NA,NA,NA,NA,NA,NA,NA,NA,322.74461217,322.74461217,NA,4.0808
899445,68580,1,NA,NA,89,89,1,NA,NA,NA,NA,NA,NA,NA,NA,NA,291.24957991,291.24957991,NA,4.0808
899445,68580,1,NA,NA,97,97,1,NA,NA,NA,NA,NA,NA,NA,NA,NA,380.22964637,380.22964637,NA,4.0808
899445,68580,1,NA,NA,73,73,3,NA,NA,NA,NA,15,NA,NA,NA,NA,157.64985653,157.64985653,NA,4.0808
899445,68580,1,NA,NA,83,83,3,NA,NA,NA,NA,18,NA,NA,NA,NA,234.6289733,234.6289733,NA,4.0808
899445,68580,1,NA,NA,65,65,4,NA,NA,NA,NA,NA,NA,NA,NA,NA,110.04304366,110.04304366,NA,4.0808
899445,68580,1,NA,NA,91,91,4,NA,NA,NA,NA,NA,NA,NA,NA,NA,312.00251216,312.00251216,NA,4.0808
899445,68580,1,NA,NA,88,88,4,NA,NA,NA,NA,21,NA,NA,NA,NA,281.23285203,281.23285203,NA,4.0808
899445,68580,1,NA,NA,62,62,5,NA,NA,NA,NA,13,NA,NA,NA,NA,95.0608731,95.0608731,NA,4.0808
899445,68580,2,NA,NA,66,66,4,4,1,5,NA,NA,NA,NA,NA,NA,98.28255434,98.28255434,NA,4.0808
899446,68580,1,NA,NA,62,62,5,NA,NA,NA,NA,13,NA,NA,NA,NA,95.0608731,95.0608731,NA,3.6
899446,68580,1,NA,NA,85,85,5,NA,NA,NA,NA,19,NA,NA,NA,NA,252.58631517,252.58631517,NA,3.6
899446,68580,1,NA,NA,74,74,5,NA,NA,NA,NA,16,NA,NA,NA,NA,164.43520838,164.43520838,NA,3.6
899446,68580,1,NA,NA,81,81,4,NA,NA,NA,NA,20,NA,NA,NA,NA,217.55657423,217.55657423,NA,3.6
899446,68580,1,NA,NA,71,71,4,NA,NA,NA,NA,NA,NA,NA,NA,NA,144.65276374,144.65276374,NA,3.6
899446,68580,1,NA,NA,79,79,4,NA,NA,NA,NA,18,NA,NA,NA,NA,201.34574804,201.34574804,NA,3.6
899446,68580,1,NA,NA,68,68,4,NA,NA,NA,NA,15,NA,NA,NA,NA,126.54791344,126.54791344,NA,3.6
899446,68580,1,NA,NA,73,73,4,NA,NA,NA,NA,16,NA,NA,NA,NA,157.64985653,157.64985653,NA,3.6
899446,68580,1,NA,NA,80,80,4,NA,NA,NA,NA,19,NA,NA,NA,NA,209.34492297,209.34492297,NA,3.6
899446,68580,1,NA,NA,69,69,4,NA,NA,NA,NA,16,NA,NA,NA,NA,132.40126186,132.40126186,NA,3.6
899446,68580,1,NA,NA,77,77,4,NA,NA,NA,NA,17,NA,NA,NA,NA,185.97318092,185.97318092,NA,3.6
899446,68580,1,NA,NA,83,83,4,NA,NA,NA,NA,19,NA,NA,NA,NA,234.6289733,234.6289733,NA,3.6
899446,68580,1,NA,NA,71,71,3,NA,NA,NA,NA,18,NA,NA,NA,NA,144.65276374,144.65276374,NA,3.6
899446,68580,1,NA,NA,85,85,3,NA,NA,NA,NA,NA,NA,NA,NA,NA,252.58631517,252.58631517,NA,3.6
899446,68580,1,NA,NA,89,89,3,NA,NA,NA,NA,17,NA,NA,NA,NA,291.24957991,291.24957991,NA,3.6
899446,68580,1,NA,NA,74,74,3,NA,NA,NA,NA,NA,NA,NA,NA,NA,164.43520838,164.43520838,NA,3.6
899446,68580,1,NA,NA,94,94,3,NA,NA,NA,NA,24,NA,NA,NA,NA,344.97484272,344.97484272,NA,3.6
899446,68580,1,NA,NA,93,93,3,NA,NA,NA,NA,NA,NA,NA,NA,NA,333.73440379,333.73440379,NA,3.6
899446,68580,1,NA,NA,89,89,3,NA,NA,NA,NA,NA,NA,NA,NA,NA,291.24957991,291.24957991,NA,3.6
899446,68580,1,NA,NA,91,91,3,NA,NA,NA,NA,22,NA,NA,NA,NA,312.00251216,312.00251216,NA,3.6
899446,68580,1,NA,NA,84,84,3,NA,NA,NA,NA,18,NA,NA,NA,NA,243.49556361,243.49556361,NA,3.6
899446,68580,1,NA,NA,65,65,3,NA,NA,NA,NA,14,NA,NA,NA,NA,110.04304366,110.04304366,NA,3.6
899446,68580,1,NA,NA,71,71,3,NA,NA,NA,NA,15,NA,NA,NA,NA,144.65276374,144.65276374,NA,3.6
899446,68580,1,NA,NA,70,70,2,NA,NA,NA,NA,NA,NA,NA,NA,NA,138.43525375,138.43525375,NA,3.6
899446,68580,1,NA,NA,100,100,2,NA,NA,NA,NA,15,NA,NA,NA,NA,417.84697396,417.84697396,NA,3.6
899446,68580,1,NA,NA,78,78,2,NA,NA,NA,NA,16,NA,NA,NA,NA,193.55613699,193.55613699,NA,3.6
899446,68580,1,NA,NA,70,70,2,NA,NA,NA,NA,NA,NA,NA,NA,NA,138.43525375,138.43525375,NA,3.6
899446,68580,1,NA,NA,73,73,2,NA,NA,NA,NA,16,NA,NA,NA,NA,157.64985653,157.64985653,NA,3.6
899446,68580,1,NA,NA,99,99,2,NA,NA,NA,NA,NA,NA,NA,NA,NA,405.0404107,405.0404107,NA,3.6
899446,68580,1,NA,NA,102,102,2,NA,NA,NA,NA,NA,NA,NA,NA,NA,444.27734632,444.27734632,NA,3.6
899446,68580,1,NA,NA,77,77,2,NA,NA,NA,NA,15,NA,NA,NA,NA,185.97318092,185.97318092,NA,3.6
899446,68580,1,NA,NA,74,74,2,NA,NA,NA,NA,13,NA,NA,NA,NA,164.43520838,164.43520838,NA,3.6
899446,68580,1,NA,NA,73,73,2,NA,NA,NA,NA,NA,NA,NA,NA,NA,157.64985653,157.64985653,NA,3.6
899446,68580,1,NA,NA,93,93,2,NA,NA,NA,NA,17,NA,NA,NA,NA,333.73440379,333.73440379,NA,3.6
899446,68580,1,NA,NA,88,88,1,NA,NA,NA,NA,NA,NA,NA,NA,NA,281.23285203,281.23285203,NA,3.6
899446,68580,1,NA,NA,95,95,1,NA,NA,NA,NA,18,NA,NA,NA,NA,356.46888772,356.46888772,NA,3.6
899446,68580,1,NA,NA,92,92,1,NA,NA,NA,NA,17,NA,NA,NA,NA,322.74461217,322.74461217,NA,3.6
899446,68580,1,NA,NA,104,104,1,NA,NA,NA,NA,26,NA,NA,NA,NA,471.81725829,471.81725829,NA,3.6
899446,68580,1,NA,NA,73,73,1,NA,NA,NA,NA,13,NA,NA,NA,NA,157.64985653,157.64985653,NA,3.6
899446,68580,1,NA,NA,88,88,1,NA,NA,NA,NA,NA,NA,NA,NA,NA,281.23285203,281.23285203,NA,3.6
899446,68580,1,NA,NA,93,93,1,NA,NA,NA,NA,NA,NA,NA,NA,NA,333.73440379,333.73440379,NA,3.6
899446,68580,1,NA,NA,105,105,1,NA,NA,NA,NA,NA,NA,NA,NA,NA,486.01075673,486.01075673,NA,3.6
899446,68580,1,NA,NA,74,74,1,NA,NA,NA,NA,11,NA,NA,NA,NA,164.43520838,164.43520838,NA,3.6
899446,68580,1,NA,NA,89,89,1,NA,NA,NA,NA,NA,NA,NA,NA,NA,291.24957991,291.24957991,NA,3.6
899446,68580,1,NA,NA,79,79,1,NA,NA,NA,NA,NA,NA,NA,NA,NA,201.34574804,201.34574804,NA,3.6
899446,68580,1,NA,NA,101,101,1,NA,NA,NA,NA,NA,NA,NA,NA,NA,430.9249593,430.9249593,NA,3.6
899446,68580,1,NA,NA,96,96,1,NA,NA,NA,NA,20,NA,NA,NA,NA,368.21950065,368.21950065,NA,3.6
899446,68580,1,NA,NA,91,91,1,NA,NA,NA,NA,NA,NA,NA,NA,NA,312.00251216,312.00251216,NA,3.6
899446,68580,1,NA,NA,93,93,1,NA,NA,NA,NA,18,NA,NA,NA,NA,333.73440379,333.73440379,NA,3.6
899446,68580,1,NA,NA,95,95,1,NA,NA,NA,NA,17,NA,NA,NA,NA,356.46888772,356.46888772,NA,3.6
899446,68580,1,NA,NA,87,87,1,NA,NA,NA,NA,17,NA,NA,NA,NA,271.45202457,271.45202457,NA,3.6
899425,68560,2,NA,NA,43,43,2,0,0,0,NA,NA,NA,NA,NA,NA,22.44395272,22.44395272,NA,1
899425,68560,2,NA,NA,38,38,2,0,0,0,NA,NA,NA,NA,NA,NA,15.84429657,15.84429657,NA,1
899425,68560,2,NA,NA,44,44,2,0,0,0,NA,NA,NA,NA,NA,NA,23.94551471,23.94551471,NA,1
899425,68560,2,NA,NA,43,43,2,0,0,0,NA,NA,NA,NA,NA,NA,22.44395272,22.44395272,NA,1
899425,68560,2,NA,NA,44,44,2,0,0,0,NA,NA,NA,NA,NA,NA,23.94551471,23.94551471,NA,1
899425,68560,2,NA,NA,43,43,2,0,0,0,NA,NA,NA,NA,NA,NA,22.44395272,22.44395272,NA,1
899425,68560,2,NA,NA,45,45,2,0,0,0,NA,NA,NA,NA,NA,NA,25.51038045,25.51038045,NA,1
899425,68560,2,NA,NA,46,46,2,0,0,0,NA,NA,NA,NA,NA,NA,27.13972288,27.13972288,NA,1
899425,68560,2,NA,NA,47,47,2,0,0,0,NA,NA,NA,NA,NA,NA,28.83471016,28.83471016,NA,1
899425,68560,2,NA,NA,54,54,2,0,0,0,NA,NA,NA,NA,NA,NA,42.63485641,42.63485641,NA,1
899425,68560,2,NA,NA,39,39,2,0,0,0,NA,NA,NA,NA,NA,NA,17.04710974,17.04710974,NA,1
899425,68560,2,NA,NA,42,42,2,0,0,0,NA,NA,NA,NA,NA,NA,21.00451668,21.00451668,NA,1
899425,68560,2,NA,NA,46,46,2,0,0,0,NA,NA,NA,NA,NA,NA,27.13972288,27.13972288,NA,1
899425,68560,2,NA,NA,45,45,2,0,0,0,NA,NA,NA,NA,NA,NA,25.51038045,25.51038045,NA,1
899425,68560,2,NA,NA,33,33,2,0,0,0,NA,NA,NA,NA,NA,NA,10.6483116,10.6483116,NA,1
899425,68560,2,NA,NA,42,42,2,0,0,0,NA,NA,NA,NA,NA,NA,21.00451668,21.00451668,NA,1
899425,68560,2,NA,NA,44,44,2,0,0,0,NA,NA,NA,NA,NA,NA,23.94551471,23.94551471,NA,1
899425,68560,2,NA,NA,48,48,2,0,0,0,NA,NA,NA,NA,NA,NA,30.59650581,30.59650581,NA,1
899425,68560,2,NA,NA,70,70,2,0,0,0,NA,NA,NA,NA,NA,NA,88.56143546,88.56143546,NA,1
899425,68560,2,NA,NA,46,46,2,0,0,0,NA,NA,NA,NA,NA,NA,27.13972288,27.13972288,NA,1
899425,68560,2,NA,NA,48,48,2,0,0,0,NA,NA,NA,NA,NA,NA,30.59650581,30.59650581,NA,1
899425,68560,2,NA,NA,43,43,2,0,0,0,NA,NA,NA,NA,NA,NA,22.44395272,22.44395272,NA,1
899425,68560,2,NA,NA,43,43,2,0,0,0,NA,NA,NA,NA,NA,NA,22.44395272,22.44395272,NA,1
899425,68560,2,NA,NA,43,43,2,0,0,0,NA,NA,NA,NA,NA,NA,22.44395272,22.44395272,NA,1
899425,68560,2,NA,NA,42,42,2,0,0,0,NA,NA,NA,NA,NA,NA,21.00451668,21.00451668,NA,1
899425,68560,2,NA,NA,48,48,2,0,0,0,NA,NA,NA,NA,NA,NA,30.59650581,30.59650581,NA,1
899425,68560,2,NA,NA,45,45,2,0,0,0,NA,NA,NA,NA,NA,NA,25.51038045,25.51038045,NA,1
899425,68560,2,NA,NA,47,47,2,0,0,0,NA,NA,NA,NA,NA,NA,28.83471016,28.83471016,NA,1
899425,68560,2,NA,NA,33,33,2,0,0,0,NA,NA,NA,NA,NA,NA,10.6483116,10.6483116,NA,1
899425,68560,2,NA,NA,29,29,2,0,0,0,NA,NA,NA,NA,NA,NA,7.39956489,7.39956489,NA,1
899425,68560,2,NA,NA,35,35,2,0,0,0,NA,NA,NA,NA,NA,NA,12.56796098,12.56796098,NA,1
899425,68560,2,NA,NA,41,41,2,0,0,0,NA,NA,NA,NA,NA,NA,19.62602373,19.62602373,NA,1
899425,68560,2,NA,NA,34,34,2,0,0,0,NA,NA,NA,NA,NA,NA,11.58249599,11.58249599,NA,1
899425,68560,2,NA,NA,37,37,2,0,0,0,NA,NA,NA,NA,NA,NA,14.6976419,14.6976419,NA,1
899425,68560,2,NA,NA,37,37,2,0,0,0,NA,NA,NA,NA,NA,NA,14.6976419,14.6976419,NA,1
899425,68560,2,NA,NA,45,45,2,0,0,0,NA,NA,NA,NA,NA,NA,25.51038045,25.51038045,NA,1
899425,68560,2,NA,NA,78,78,2,0,0,0,NA,NA,NA,NA,NA,NA,120.12421996,120.12421996,NA,1
899425,68560,2,NA,NA,44,44,2,0,0,0,NA,NA,NA,NA,NA,NA,23.94551471,23.94551471,NA,1
899425,68560,2,NA,NA,41,41,2,0,0,0,NA,NA,NA,NA,NA,NA,19.62602373,19.62602373,NA,1
899425,68560,2,NA,NA,47,47,2,0,0,0,NA,NA,NA,NA,NA,NA,28.83471016,28.83471016,NA,1
899425,68560,2,NA,NA,40,40,2,0,0,0,NA,NA,NA,NA,NA,NA,18.30728586,18.30728586,NA,1
899425,68560,2,NA,NA,33,33,2,0,0,0,NA,NA,NA,NA,NA,NA,10.6483116,10.6483116,NA,1
899425,68560,2,NA,NA,37,37,2,0,0,0,NA,NA,NA,NA,NA,NA,14.6976419,14.6976419,NA,1
899425,68560,2,NA,NA,45,45,2,0,0,0,NA,NA,NA,NA,NA,NA,25.51038045,25.51038045,NA,1
899425,68560,2,NA,NA,49,49,2,0,0,0,NA,NA,NA,NA,NA,NA,32.42626883,32.42626883,NA,1
899425,68560,2,NA,NA,35,35,2,0,0,0,NA,NA,NA,NA,NA,NA,12.56796098,12.56796098,NA,1
899425,68560,2,NA,NA,33,33,2,0,0,0,NA,NA,NA,NA,NA,NA,10.6483116,10.6483116,NA,1
899425,68560,2,NA,NA,50,50,2,0,0,0,NA,NA,NA,NA,NA,NA,34.32515381,34.32515381,NA,1
899425,68560,2,NA,NA,48,48,2,0,0,0,NA,NA,NA,NA,NA,NA,30.59650581,30.59650581,NA,1
899425,68560,2,NA,NA,51,51,2,0,0,0,NA,NA,NA,NA,NA,NA,36.29431102,36.29431102,NA,1
899425,68560,2,NA,NA,42,42,2,0,0,0,NA,NA,NA,NA,NA,NA,21.00451668,21.00451668,NA,1
899425,68560,2,NA,NA,45,45,2,0,0,0,NA,NA,NA,NA,NA,NA,25.51038045,25.51038045,NA,1
899425,68560,2,NA,NA,40,40,2,0,0,0,NA,NA,NA,NA,NA,NA,18.30728586,18.30728586,NA,1
899425,68560,2,NA,NA,37,37,2,0,0,0,NA,NA,NA,NA,NA,NA,14.6976419,14.6976419,NA,1
899425,68560,2,NA,NA,45,45,2,0,0,0,NA,NA,NA,NA,NA,NA,25.51038045,25.51038045,NA,1
899425,68560,2,NA,NA,38,38,2,0,0,0,NA,NA,NA,NA,NA,NA,15.84429657,15.84429657,NA,1
899425,68560,2,NA,NA,37,37,2,0,0,0,NA,NA,NA,NA,NA,NA,14.6976419,14.6976419,NA,1
899425,68560,2,NA,NA,34,34,2,0,0,0,NA,NA,NA,NA,NA,NA,11.58249599,11.58249599,NA,1
899425,68560,2,NA,NA,47,47,2,0,0,0,NA,NA,NA,NA,NA,NA,28.83471016,28.83471016,NA,1
899425,68560,2,NA,NA,32,32,2,0,0,0,NA,NA,NA,NA,NA,NA,9.76417228,9.76417228,NA,1
899425,68560,2,NA,NA,35,35,2,0,0,0,NA,NA,NA,NA,NA,NA,12.56796098,12.56796098,NA,1
899425,68560,2,NA,NA,32,32,2,0,0,0,NA,NA,NA,NA,NA,NA,9.76417228,9.76417228,NA,1
899425,68560,2,NA,NA,31,31,2,0,0,0,NA,NA,NA,NA,NA,NA,8.92883565,8.92883565,NA,1
899425,68560,2,NA,NA,33,33,2,0,0,0,NA,NA,NA,NA,NA,NA,10.6483116,10.6483116,NA,1
899425,68560,2,NA,NA,39,39,2,0,0,0,NA,NA,NA,NA,NA,NA,17.04710974,17.04710974,NA,1
899421,68580,1,NA,NA,105,105,2,NA,NA,NA,NA,NA,NA,NA,NA,NA,486.01075673,486.01075673,NA,5.2616
899421,68580,1,NA,NA,60,60,3,NA,NA,NA,NA,13,NA,NA,NA,NA,85.88069613,85.88069613,NA,5.2616
899421,68580,1,NA,NA,96,96,2,NA,NA,NA,NA,16,NA,NA,NA,NA,368.21950065,368.21950065,NA,5.2616
899421,68580,1,NA,NA,76,76,3,NA,NA,NA,NA,NA,NA,NA,NA,NA,178.59397457,178.59397457,NA,5.2616
899421,68580,1,NA,NA,107,107,1,NA,NA,NA,NA,NA,NA,NA,NA,NA,515.25979329,515.25979329,NA,5.2616
899421,68580,1,NA,NA,113,113,1,NA,NA,NA,NA,NA,NA,NA,NA,NA,610.11911226,610.11911226,NA,5.2616
899421,68580,1,NA,NA,100,100,1,NA,NA,NA,NA,NA,NA,NA,NA,NA,417.84697396,417.84697396,NA,5.2616
899421,68580,1,NA,NA,101,101,1,NA,NA,NA,NA,NA,NA,NA,NA,NA,430.9249593,430.9249593,NA,5.2616
899421,68580,1,NA,NA,109,109,1,NA,NA,NA,NA,NA,NA,NA,NA,NA,545.678188,545.678188,NA,5.2616
899421,68580,1,NA,NA,105,105,1,NA,NA,NA,NA,NA,NA,NA,NA,NA,486.01075673,486.01075673,NA,5.2616
899421,68580,1,NA,NA,100,100,1,NA,NA,NA,NA,NA,NA,NA,NA,NA,417.84697396,417.84697396,NA,5.2616
899421,68580,1,NA,NA,96,96,1,NA,NA,NA,NA,NA,NA,NA,NA,NA,368.21950065,368.21950065,NA,5.2616
899421,68580,1,NA,NA,95,95,1,NA,NA,NA,NA,NA,NA,NA,NA,NA,356.46888772,356.46888772,NA,5.2616
899421,68580,1,NA,NA,102,102,1,NA,NA,NA,NA,NA,NA,NA,NA,NA,444.27734632,444.27734632,NA,5.2616
899421,68580,1,NA,NA,106,106,1,NA,NA,NA,NA,NA,NA,NA,NA,NA,500.49060382,500.49060382,NA,5.2616
899421,68580,1,NA,NA,105,105,1,NA,NA,NA,NA,NA,NA,NA,NA,NA,486.01075673,486.01075673,NA,5.2616
899421,68580,1,NA,NA,120,120,1,NA,NA,NA,NA,NA,NA,NA,NA,NA,734.95646285,734.95646285,NA,5.2616
899421,68580,1,NA,NA,106,106,1,NA,NA,NA,NA,NA,NA,NA,NA,NA,500.49060382,500.49060382,NA,5.2616
899421,68580,1,NA,NA,109,109,1,NA,NA,NA,NA,NA,NA,NA,NA,NA,545.678188,545.678188,NA,5.2616
899421,68580,1,NA,NA,92,92,1,NA,NA,NA,NA,NA,NA,NA,NA,NA,322.74461217,322.74461217,NA,5.2616
899421,68580,1,NA,NA,103,103,1,NA,NA,NA,NA,NA,NA,NA,NA,NA,457.90711754,457.90711754,NA,5.2616
899421,68580,1,NA,NA,98,98,1,NA,NA,NA,NA,NA,NA,NA,NA,NA,392.50229277,392.50229277,NA,5.2616
899398,68580,1,NA,NA,78,78,1,NA,NA,NA,NA,NA,NA,NA,NA,NA,193.55613699,193.55613699,NA,2.1854
899398,68580,1,NA,NA,94,94,1,NA,NA,NA,NA,NA,NA,NA,NA,NA,344.97484272,344.97484272,NA,2.1854
899398,68580,1,NA,NA,110,110,1,NA,NA,NA,NA,NA,NA,NA,NA,NA,561.33339435,561.33339435,NA,2.1854
899398,68580,1,NA,NA,97,97,1,NA,NA,NA,NA,NA,NA,NA,NA,NA,380.22964637,380.22964637,NA,2.1854
899398,68580,1,NA,NA,105,105,1,NA,NA,NA,NA,NA,NA,NA,NA,NA,486.01075673,486.01075673,NA,2.1854
899398,68580,1,NA,NA,83,83,1,NA,NA,NA,NA,NA,NA,NA,NA,NA,234.6289733,234.6289733,NA,2.1854
899427,68580,1,NA,NA,73,73,3,NA,NA,NA,NA,16,NA,NA,NA,NA,157.64985653,157.64985653,NA,1
899427,68580,1,NA,NA,76,76,4,NA,NA,NA,NA,17,NA,NA,NA,NA,178.59397457,178.59397457,NA,1
899427,68580,1,NA,NA,89,89,4,NA,NA,NA,NA,21,NA,NA,NA,NA,291.24957991,291.24957991,NA,1
899427,68580,1,NA,NA,104,104,5,NA,NA,NA,NA,NA,NA,NA,NA,NA,471.81725829,471.81725829,NA,1
899427,68560,1,NA,NA,121,121,2,NA,NA,NA,NA,25,NA,NA,NA,NA,531.88806643,531.88806643,NA,1
899427,68560,1,NA,NA,115,115,3,NA,NA,NA,NA,21,NA,NA,NA,NA,456.10913584,456.10913584,NA,1
899427,68560,1,NA,NA,88,88,2,NA,NA,NA,NA,13,NA,NA,NA,NA,203.16596722,203.16596722,NA,1
899427,68560,1,NA,NA,110,110,3,NA,NA,NA,NA,20,NA,NA,NA,NA,398.77323852,398.77323852,NA,1
899427,68560,1,NA,NA,128,128,2,NA,NA,NA,NA,NA,NA,NA,NA,NA,630.4267876,630.4267876,NA,1
899427,68560,1,NA,NA,110,110,3,NA,NA,NA,NA,22,NA,NA,NA,NA,398.77323852,398.77323852,NA,1
899427,68560,1,NA,NA,131,131,2,NA,NA,NA,NA,NA,NA,NA,NA,NA,676.14732466,676.14732466,NA,1
899427,68560,1,NA,NA,82,82,2,NA,NA,NA,NA,12,NA,NA,NA,NA,164.12157541,164.12157541,NA,1
899427,68560,1,NA,NA,116,116,3,NA,NA,NA,NA,NA,NA,NA,NA,NA,468.20111646,468.20111646,NA,1
899427,68560,1,NA,NA,75,75,2,NA,NA,NA,NA,10,NA,NA,NA,NA,125.32859192,125.32859192,NA,1
899427,68560,1,NA,NA,33,33,2,NA,NA,NA,NA,NA,NA,NA,NA,NA,10.48374313,10.48374313,NA,1
899427,68560,1,NA,NA,27,27,2,NA,NA,NA,NA,NA,NA,NA,NA,NA,5.71658759,5.71658759,NA,1
899427,68560,1,NA,NA,32,32,2,NA,NA,NA,NA,NA,NA,NA,NA,NA,9.55275608,9.55275608,NA,1
899427,68560,1,NA,NA,39,39,2,NA,NA,NA,NA,NA,NA,NA,NA,NA,17.36897577,17.36897577,NA,1
899427,68560,1,NA,NA,29,29,2,NA,NA,NA,NA,NA,NA,NA,NA,NA,7.09457649,7.09457649,NA,1
899427,68560,1,NA,NA,30,30,2,NA,NA,NA,NA,NA,NA,NA,NA,NA,7.85999247,7.85999247,NA,1
899427,68560,1,NA,NA,32,32,2,NA,NA,NA,NA,NA,NA,NA,NA,NA,9.55275608,9.55275608,NA,1
899427,68560,1,NA,NA,29,29,2,NA,NA,NA,NA,NA,NA,NA,NA,NA,7.09457649,7.09457649,NA,1
899427,68560,1,NA,NA,31,31,2,NA,NA,NA,NA,NA,NA,NA,NA,NA,8.67877932,8.67877932,NA,1
899427,68560,1,NA,NA,34,34,2,NA,NA,NA,NA,NA,NA,NA,NA,NA,11.47356208,11.47356208,NA,1
899427,68560,1,NA,NA,33,33,2,NA,NA,NA,NA,NA,NA,NA,NA,NA,10.48374313,10.48374313,NA,1
899427,68560,1,NA,NA,29,29,2,NA,NA,NA,NA,NA,NA,NA,NA,NA,7.09457649,7.09457649,NA,1
899427,68560,1,NA,NA,30,30,2,NA,NA,NA,NA,NA,NA,NA,NA,NA,7.85999247,7.85999247,NA,1
899427,68560,1,NA,NA,34,34,2,NA,NA,NA,NA,NA,NA,NA,NA,NA,11.47356208,11.47356208,NA,1
899427,68560,1,NA,NA,35,35,2,NA,NA,NA,NA,NA,NA,NA,NA,NA,12.52403577,12.52403577,NA,1
899427,68560,1,NA,NA,33,33,2,NA,NA,NA,NA,NA,NA,NA,NA,NA,10.48374313,10.48374313,NA,1
899427,68560,1,NA,NA,31,31,2,NA,NA,NA,NA,NA,NA,NA,NA,NA,8.67877932,8.67877932,NA,1
899427,68560,1,NA,NA,29,29,2,NA,NA,NA,NA,NA,NA,NA,NA,NA,7.09457649,7.09457649,NA,1
899427,68560,1,NA,NA,34,34,2,NA,NA,NA,NA,NA,NA,NA,NA,NA,11.47356208,11.47356208,NA,1
899427,68560,1,NA,NA,40,40,2,NA,NA,NA,NA,NA,NA,NA,NA,NA,18.75010629,18.75010629,NA,1
899427,68560,1,NA,NA,29,29,2,NA,NA,NA,NA,NA,NA,NA,NA,NA,7.09457649,7.09457649,NA,1
899427,68560,1,NA,NA,35,35,2,NA,NA,NA,NA,NA,NA,NA,NA,NA,12.52403577,12.52403577,NA,1
899427,68560,1,NA,NA,39,39,2,NA,NA,NA,NA,NA,NA,NA,NA,NA,17.36897577,17.36897577,NA,1
899427,68560,1,NA,NA,32,32,2,NA,NA,NA,NA,NA,NA,NA,NA,NA,9.55275608,9.55275608,NA,1
899427,68560,1,NA,NA,33,33,2,NA,NA,NA,NA,NA,NA,NA,NA,NA,10.48374313,10.48374313,NA,1
899427,68560,1,NA,NA,32,32,2,NA,NA,NA,NA,NA,NA,NA,NA,NA,9.55275608,9.55275608,NA,1
899427,68560,1,NA,NA,35,35,2,NA,NA,NA,NA,NA,NA,NA,NA,NA,12.52403577,12.52403577,NA,1
899427,68560,1,NA,NA,37,37,2,NA,NA,NA,NA,NA,NA,NA,NA,NA,14.81424468,14.81424468,NA,1
899427,68560,1,NA,NA,33,33,2,NA,NA,NA,NA,NA,NA,NA,NA,NA,10.48374313,10.48374313,NA,1
899427,68560,1,NA,NA,33,33,2,NA,NA,NA,NA,NA,NA,NA,NA,NA,10.48374313,10.48374313,NA,1
899427,68560,1,NA,NA,33,33,2,NA,NA,NA,NA,NA,NA,NA,NA,NA,10.48374313,10.48374313,NA,1
899427,68560,1,NA,NA,32,32,2,NA,NA,NA,NA,NA,NA,NA,NA,NA,9.55275608,9.55275608,NA,1
899427,68560,1,NA,NA,33,33,2,NA,NA,NA,NA,NA,NA,NA,NA,NA,10.48374313,10.48374313,NA,1
899427,68560,1,NA,NA,30,30,2,NA,NA,NA,NA,NA,NA,NA,NA,NA,7.85999247,7.85999247,NA,1
899427,68560,1,NA,NA,33,33,2,NA,NA,NA,NA,NA,NA,NA,NA,NA,10.48374313,10.48374313,NA,1
899427,68560,1,NA,NA,32,32,2,NA,NA,NA,NA,NA,NA,NA,NA,NA,9.55275608,9.55275608,NA,1
899427,68560,1,NA,NA,31,31,2,NA,NA,NA,NA,NA,NA,NA,NA,NA,8.67877932,8.67877932,NA,1
899427,68560,2,NA,NA,81,81,2,0,0,0,NA,NA,NA,NA,NA,NA,133.59838334,133.59838334,NA,1
899427,68560,2,NA,NA,94,94,4,0,4,1,NA,NA,NA,NA,NA,NA,203.18676412,203.18676412,NA,1
899427,68560,2,NA,NA,43,43,2,0,0,0,NA,NA,NA,NA,NA,NA,22.44395272,22.44395272,NA,1
899427,68560,2,NA,NA,44,44,2,0,0,0,NA,NA,NA,NA,NA,NA,23.94551471,23.94551471,NA,1
899427,68560,2,NA,NA,40,40,2,0,0,0,NA,NA,NA,NA,NA,NA,18.30728586,18.30728586,NA,1
899427,68560,2,NA,NA,41,41,2,0,0,0,NA,NA,NA,NA,NA,NA,19.62602373,19.62602373,NA,1
899427,68560,2,NA,NA,33,33,2,0,0,0,NA,NA,NA,NA,NA,NA,10.6483116,10.6483116,NA,1
899427,68560,2,NA,NA,43,43,2,0,0,0,NA,NA,NA,NA,NA,NA,22.44395272,22.44395272,NA,1
899427,68560,2,NA,NA,40,40,2,0,0,0,NA,NA,NA,NA,NA,NA,18.30728586,18.30728586,NA,1
899427,68560,2,NA,NA,30,30,2,0,0,0,NA,NA,NA,NA,NA,NA,8.14105216,8.14105216,NA,1
899427,68560,2,NA,NA,29,29,2,0,0,0,NA,NA,NA,NA,NA,NA,7.39956489,7.39956489,NA,1
899427,68560,2,NA,NA,32,32,2,0,0,0,NA,NA,NA,NA,NA,NA,9.76417228,9.76417228,NA,1
899427,68560,2,NA,NA,30,30,2,0,0,0,NA,NA,NA,NA,NA,NA,8.14105216,8.14105216,NA,1
899427,68560,2,NA,NA,32,32,2,0,0,0,NA,NA,NA,NA,NA,NA,9.76417228,9.76417228,NA,1
899427,68560,2,NA,NA,33,33,2,0,0,0,NA,NA,NA,NA,NA,NA,10.6483116,10.6483116,NA,1
899421,69400,1,98,98,NA,NA,2,NA,NA,NA,NA,NA,NA,NA,NA,NA,739.96236872,739.96236872,NA,1
899421,69400,1,101,101,NA,NA,2,NA,NA,NA,NA,NA,NA,NA,NA,NA,810.50823952,810.50823952,NA,1
899421,69400,1,84,84,NA,NA,2,NA,NA,NA,NA,NA,NA,NA,NA,NA,464.54771612,464.54771612,NA,1
899421,69400,1,94,94,NA,NA,2,NA,NA,NA,NA,NA,NA,NA,NA,NA,652.45866511,652.45866511,NA,1
899421,69400,1,100,100,NA,NA,2,NA,NA,NA,NA,NA,NA,NA,NA,NA,786.51477488,786.51477488,NA,1
899421,69400,1,88,88,NA,NA,2,NA,NA,NA,NA,NA,NA,NA,NA,NA,534.61920438,534.61920438,NA,1
899421,69400,1,85,85,NA,NA,2,NA,NA,NA,NA,NA,NA,NA,NA,NA,481.45094227,481.45094227,NA,1
899398,68580,1,NA,NA,108,108,1,NA,NA,NA,NA,NA,NA,NA,NA,NA,530.32132162,530.32132162,NA,2.1854
899398,68580,1,NA,NA,105,105,1,NA,NA,NA,NA,NA,NA,NA,NA,NA,486.01075673,486.01075673,NA,2.1854
899398,68580,1,NA,NA,78,78,1,NA,NA,NA,NA,NA,NA,NA,NA,NA,193.55613699,193.55613699,NA,2.1854
899398,68580,1,NA,NA,109,109,1,NA,NA,NA,NA,NA,NA,NA,NA,NA,545.678188,545.678188,NA,2.1854
899398,68580,1,NA,NA,92,92,1,NA,NA,NA,NA,NA,NA,NA,NA,NA,322.74461217,322.74461217,NA,2.1854
899398,68580,1,NA,NA,89,89,1,NA,NA,NA,NA,NA,NA,NA,NA,NA,291.24957991,291.24957991,NA,2.1854
899398,68580,1,NA,NA,87,87,1,NA,NA,NA,NA,NA,NA,NA,NA,NA,271.45202457,271.45202457,NA,2.1854
899398,68580,1,NA,NA,91,91,1,NA,NA,NA,NA,NA,NA,NA,NA,NA,312.00251216,312.00251216,NA,2.1854
899398,68580,1,NA,NA,102,102,1,NA,NA,NA,NA,NA,NA,NA,NA,NA,444.27734632,444.27734632,NA,2.1854
899398,68580,1,NA,NA,100,100,1,NA,NA,NA,NA,NA,NA,NA,NA,NA,417.84697396,417.84697396,NA,2.1854
899398,68580,1,NA,NA,88,88,1,NA,NA,NA,NA,NA,NA,NA,NA,NA,281.23285203,281.23285203,NA,2.1854
899398,68580,1,NA,NA,113,113,1,NA,NA,NA,NA,NA,NA,NA,NA,NA,610.11911226,610.11911226,NA,2.1854
899398,68580,1,NA,NA,107,107,1,NA,NA,NA,NA,NA,NA,NA,NA,NA,515.25979329,515.25979329,NA,2.1854
899398,68580,1,NA,NA,103,103,1,NA,NA,NA,NA,NA,NA,NA,NA,NA,457.90711754,457.90711754,NA,2.1854
899398,68580,1,NA,NA,94,94,1,NA,NA,NA,NA,NA,NA,NA,NA,NA,344.97484272,344.97484272,NA,2.1854
899398,68580,1,NA,NA,89,89,1,NA,NA,NA,NA,NA,NA,NA,NA,NA,291.24957991,291.24957991,NA,2.1854
899398,68580,1,NA,NA,77,77,1,NA,NA,NA,NA,NA,NA,NA,NA,NA,185.97318092,185.97318092,NA,2.1854
899398,68580,1,NA,NA,96,96,1,NA,NA,NA,NA,NA,NA,NA,NA,NA,368.21950065,368.21950065,NA,2.1854
899398,68580,1,NA,NA,97,97,1,NA,NA,NA,NA,NA,NA,NA,NA,NA,380.22964637,380.22964637,NA,2.1854
899398,68580,1,NA,NA,99,99,1,NA,NA,NA,NA,NA,NA,NA,NA,NA,405.0404107,405.0404107,NA,2.1854
899398,68580,1,NA,NA,91,91,1,NA,NA,NA,NA,NA,NA,NA,NA,NA,312.00251216,312.00251216,NA,2.1854
899398,68580,1,NA,NA,88,88,1,NA,NA,NA,NA,NA,NA,NA,NA,NA,281.23285203,281.23285203,NA,2.1854
899398,68580,1,NA,NA,73,73,2,NA,NA,NA,NA,13,NA,NA,NA,NA,157.64985653,157.64985653,NA,2.1854
899398,68580,1,NA,NA,96,96,2,NA,NA,NA,NA,NA,NA,NA,NA,NA,368.21950065,368.21950065,NA,2.1854
899398,68580,1,NA,NA,75,75,2,NA,NA,NA,NA,14,NA,NA,NA,NA,171.41561635,171.41561635,NA,2.1854
899398,68580,1,NA,NA,108,108,2,NA,NA,NA,NA,NA,NA,NA,NA,NA,530.32132162,530.32132162,NA,2.1854
899398,68580,1,NA,NA,85,85,2,NA,NA,NA,NA,16,NA,NA,NA,NA,252.58631517,252.58631517,NA,2.1854
899398,68580,1,NA,NA,94,94,2,NA,NA,NA,NA,18,NA,NA,NA,NA,344.97484272,344.97484272,NA,2.1854
899446,68580,1,NA,NA,95,95,1,NA,NA,NA,NA,NA,NA,NA,NA,NA,356.46888772,356.46888772,NA,3.6
899446,68580,1,NA,NA,95,95,1,NA,NA,NA,NA,NA,NA,NA,NA,NA,356.46888772,356.46888772,NA,3.6
899446,68580,1,NA,NA,93,93,1,NA,NA,NA,NA,NA,NA,NA,NA,NA,333.73440379,333.73440379,NA,3.6
899446,68580,1,NA,NA,101,101,1,NA,NA,NA,NA,NA,NA,NA,NA,NA,430.9249593,430.9249593,NA,3.6
899446,68580,1,NA,NA,94,94,1,NA,NA,NA,NA,18,NA,NA,NA,NA,344.97484272,344.97484272,NA,3.6
899446,68580,1,NA,NA,93,93,1,NA,NA,NA,NA,19,NA,NA,NA,NA,333.73440379,333.73440379,NA,3.6
899446,68580,1,NA,NA,103,103,1,NA,NA,NA,NA,25,NA,NA,NA,NA,457.90711754,457.90711754,NA,3.6
899446,68580,1,NA,NA,89,89,1,NA,NA,NA,NA,16,NA,NA,NA,NA,291.24957991,291.24957991,NA,3.6
899427,68580,1,NA,NA,106,106,3,NA,NA,NA,NA,NA,NA,NA,NA,NA,500.49060382,500.49060382,NA,1
899445,68580,1,NA,NA,91,91,1,NA,NA,NA,NA,NA,NA,NA,NA,NA,312.00251216,312.00251216,NA,4.0808
899445,68580,1,NA,NA,91,91,1,NA,NA,NA,NA,16,NA,NA,NA,NA,312.00251216,312.00251216,NA,4.0808
899445,68580,1,NA,NA,105,105,1,NA,NA,NA,NA,NA,NA,NA,NA,NA,486.01075673,486.01075673,NA,4.0808
899445,68580,1,NA,NA,96,96,1,NA,NA,NA,NA,NA,NA,NA,NA,NA,368.21950065,368.21950065,NA,4.0808
899445,68580,1,NA,NA,92,92,1,NA,NA,NA,NA,NA,NA,NA,NA,NA,322.74461217,322.74461217,NA,4.0808
899445,68580,1,NA,NA,89,89,1,NA,NA,NA,NA,17,NA,NA,NA,NA,291.24957991,291.24957991,NA,4.0808
899445,68580,1,NA,NA,94,94,1,NA,NA,NA,NA,19,NA,NA,NA,NA,344.97484272,344.97484272,NA,4.0808
899445,68580,1,NA,NA,97,97,1,NA,NA,NA,NA,NA,NA,NA,NA,NA,380.22964637,380.22964637,NA,4.0808
899445,68580,1,NA,NA,93,93,1,NA,NA,NA,NA,17,NA,NA,NA,NA,333.73440379,333.73440379,NA,4.0808
899445,68580,1,NA,NA,93,93,1,NA,NA,NA,NA,NA,NA,NA,NA,NA,333.73440379,333.73440379,NA,4.0808
899445,68580,1,NA,NA,98,98,1,NA,NA,NA,NA,18,NA,NA,NA,NA,392.50229277,392.50229277,NA,4.0808
899445,68580,1,NA,NA,102,102,1,NA,NA,NA,NA,28,NA,NA,NA,NA,444.27734632,444.27734632,NA,4.0808
899445,68580,1,NA,NA,90,90,1,NA,NA,NA,NA,NA,NA,NA,NA,NA,301.50515121,301.50515121,NA,4.0808
899445,68580,1,NA,NA,90,90,1,NA,NA,NA,NA,17,NA,NA,NA,NA,301.50515121,301.50515121,NA,4.0808
899445,68580,1,NA,NA,88,88,1,NA,NA,NA,NA,16,NA,NA,NA,NA,281.23285203,281.23285203,NA,4.0808
899445,68580,1,NA,NA,76,76,1,NA,NA,NA,NA,14,NA,NA,NA,NA,178.59397457,178.59397457,NA,4.0808
899445,68580,1,NA,NA,91,91,1,NA,NA,NA,NA,NA,NA,NA,NA,NA,312.00251216,312.00251216,NA,4.0808
899445,68580,1,NA,NA,84,84,1,NA,NA,NA,NA,NA,NA,NA,NA,NA,243.49556361,243.49556361,NA,4.0808
899445,68580,1,NA,NA,95,95,1,NA,NA,NA,NA,18,NA,NA,NA,NA,356.46888772,356.46888772,NA,4.0808
899445,68580,1,NA,NA,84,84,1,NA,NA,NA,NA,16,NA,NA,NA,NA,243.49556361,243.49556361,NA,4.0808
899445,68580,1,NA,NA,100,100,1,NA,NA,NA,NA,18,NA,NA,NA,NA,417.84697396,417.84697396,NA,4.0808
899445,68580,1,NA,NA,103,103,1,NA,NA,NA,NA,NA,NA,NA,NA,NA,457.90711754,457.90711754,NA,4.0808
899445,68580,1,NA,NA,94,94,1,NA,NA,NA,NA,18,NA,NA,NA,NA,344.97484272,344.97484272,NA,4.0808
899445,68580,1,NA,NA,84,84,2,NA,NA,NA,NA,16,NA,NA,NA,NA,243.49556361,243.49556361,NA,4.0808
899445,68580,1,NA,NA,90,90,2,NA,NA,NA,NA,17,NA,NA,NA,NA,301.50515121,301.50515121,NA,4.0808
899445,68580,1,NA,NA,94,94,2,NA,NA,NA,NA,NA,NA,NA,NA,NA,344.97484272,344.97484272,NA,4.0808
899445,68580,1,NA,NA,95,95,2,NA,NA,NA,NA,NA,NA,NA,NA,NA,356.46888772,356.46888772,NA,4.0808
899445,68580,1,NA,NA,97,97,2,NA,NA,NA,NA,NA,NA,NA,NA,NA,380.22964637,380.22964637,NA,4.0808
899445,68580,1,NA,NA,106,106,2,NA,NA,NA,NA,19,NA,NA,NA,NA,500.49060382,500.49060382,NA,4.0808
899445,68580,1,NA,NA,73,73,2,NA,NA,NA,NA,11,NA,NA,NA,NA,157.64985653,157.64985653,NA,4.0808
899445,68580,1,NA,NA,86,86,2,NA,NA,NA,NA,NA,NA,NA,NA,NA,261.90415777,261.90415777,NA,4.0808
899445,68580,1,NA,NA,80,80,2,NA,NA,NA,NA,NA,NA,NA,NA,NA,209.34492297,209.34492297,NA,4.0808
899445,68580,1,NA,NA,85,85,2,NA,NA,NA,NA,NA,NA,NA,NA,NA,252.58631517,252.58631517,NA,4.0808
899445,68580,1,NA,NA,79,79,2,NA,NA,NA,NA,14,NA,NA,NA,NA,201.34574804,201.34574804,NA,4.0808
899445,68580,1,NA,NA,84,84,2,NA,NA,NA,NA,16,NA,NA,NA,NA,243.49556361,243.49556361,NA,4.0808
899445,68580,1,NA,NA,90,90,1,NA,NA,NA,NA,NA,NA,NA,NA,NA,301.50515121,301.50515121,NA,4.0808
899445,68580,1,NA,NA,101,101,1,NA,NA,NA,NA,NA,NA,NA,NA,NA,430.9249593,430.9249593,NA,4.0808
899445,68580,1,NA,NA,91,91,1,NA,NA,NA,NA,NA,NA,NA,NA,NA,312.00251216,312.00251216,NA,4.0808
899445,68580,1,NA,NA,90,90,1,NA,NA,NA,NA,NA,NA,NA,NA,NA,301.50515121,301.50515121,NA,4.0808
899445,68580,1,NA,NA,99,99,1,NA,NA,NA,NA,NA,NA,NA,NA,NA,405.0404107,405.0404107,NA,4.0808
899445,68580,1,NA,NA,87,87,1,NA,NA,NA,NA,NA,NA,NA,NA,NA,271.45202457,271.45202457,NA,4.0808
899445,68580,1,NA,NA,75,75,2,NA,NA,NA,NA,NA,NA,NA,NA,NA,171.41561635,171.41561635,NA,4.0808
899445,68580,1,NA,NA,101,101,1,NA,NA,NA,NA,NA,NA,NA,NA,NA,430.9249593,430.9249593,NA,4.0808
899445,68580,1,NA,NA,88,88,1,NA,NA,NA,NA,NA,NA,NA,NA,NA,281.23285203,281.23285203,NA,4.0808
899445,68580,1,NA,NA,95,95,1,NA,NA,NA,NA,NA,NA,NA,NA,NA,356.46888772,356.46888772,NA,4.0808
899445,68580,1,NA,NA,92,92,1,NA,NA,NA,NA,NA,NA,NA,NA,NA,322.74461217,322.74461217,NA,4.0808
899445,68580,1,NA,NA,105,105,1,NA,NA,NA,NA,NA,NA,NA,NA,NA,486.01075673,486.01075673,NA,4.0808
899445,68580,1,NA,NA,99,99,1,NA,NA,NA,NA,NA,NA,NA,NA,NA,405.0404107,405.0404107,NA,4.0808
899445,68580,1,NA,NA,92,92,1,NA,NA,NA,NA,NA,NA,NA,NA,NA,322.74461217,322.74461217,NA,4.0808
899445,68580,1,NA,NA,97,97,1,NA,NA,NA,NA,NA,NA,NA,NA,NA,380.22964637,380.22964637,NA,4.0808
899445,68580,1,NA,NA,85,85,1,NA,NA,NA,NA,NA,NA,NA,NA,NA,252.58631517,252.58631517,NA,4.0808
899445,68580,1,NA,NA,84,84,1,NA,NA,NA,NA,NA,NA,NA,NA,NA,243.49556361,243.49556361,NA,4.0808
899445,68580,1,NA,NA,85,85,1,NA,NA,NA,NA,NA,NA,NA,NA,NA,252.58631517,252.58631517,NA,4.0808
899445,68580,1,NA,NA,92,92,1,NA,NA,NA,NA,NA,NA,NA,NA,NA,322.74461217,322.74461217,NA,4.0808
899445,68580,1,NA,NA,96,96,1,NA,NA,NA,NA,NA,NA,NA,NA,NA,368.21950065,368.21950065,NA,4.0808
899445,68580,1,NA,NA,108,108,1,NA,NA,NA,NA,NA,NA,NA,NA,NA,530.32132162,530.32132162,NA,4.0808
899445,68580,1,NA,NA,91,91,1,NA,NA,NA,NA,NA,NA,NA,NA,NA,312.00251216,312.00251216,NA,4.0808
899445,68580,1,NA,NA,85,85,1,NA,NA,NA,NA,NA,NA,NA,NA,NA,252.58631517,252.58631517,NA,4.0808
899445,68580,1,NA,NA,81,81,1,NA,NA,NA,NA,NA,NA,NA,NA,NA,217.55657423,217.55657423,NA,4.0808
899445,68580,1,NA,NA,89,89,1,NA,NA,NA,NA,NA,NA,NA,NA,NA,291.24957991,291.24957991,NA,4.0808
899445,68580,1,NA,NA,92,92,1,NA,NA,NA,NA,NA,NA,NA,NA,NA,322.74461217,322.74461217,NA,4.0808
899445,68580,1,NA,NA,86,86,1,NA,NA,NA,NA,NA,NA,NA,NA,NA,261.90415777,261.90415777,NA,4.0808
899445,68580,1,NA,NA,88,88,1,NA,NA,NA,NA,NA,NA,NA,NA,NA,281.23285203,281.23285203,NA,4.0808
899426,68560,2,NA,NA,42,42,2,0,0,0,NA,NA,NA,NA,NA,NA,21.00451668,21.00451668,NA,1
899426,68560,2,NA,NA,47,47,2,0,0,0,NA,NA,NA,NA,NA,NA,28.83471016,28.83471016,NA,1
899426,68560,2,NA,NA,45,45,2,0,0,0,NA,NA,NA,NA,NA,NA,25.51038045,25.51038045,NA,1
899426,68560,2,NA,NA,37,37,2,0,0,0,NA,NA,NA,NA,NA,NA,14.6976419,14.6976419,NA,1
899426,68560,2,NA,NA,30,30,2,0,0,0,NA,NA,NA,NA,NA,NA,8.14105216,8.14105216,NA,1
899426,68580,2,NA,NA,41,41,2,0,0,0,NA,NA,NA,NA,NA,NA,24.43190086,24.43190086,NA,1
899436,68580,1,NA,NA,39,39,2,NA,NA,NA,NA,NA,NA,NA,NA,NA,22.61730677,22.61730677,NA,1
899436,68580,1,NA,NA,37,37,2,NA,NA,NA,NA,NA,NA,NA,NA,NA,19.21448532,19.21448532,NA,1
899436,68580,1,NA,NA,35,35,2,NA,NA,NA,NA,NA,NA,NA,NA,NA,16.17635406,16.17635406,NA,1
899436,68580,1,NA,NA,41,41,2,NA,NA,NA,NA,NA,NA,NA,NA,NA,26.40650351,26.40650351,NA,1
899436,68580,1,NA,NA,40,40,2,NA,NA,NA,NA,NA,NA,NA,NA,NA,24.46224862,24.46224862,NA,1
899436,68580,1,NA,NA,43,43,2,NA,NA,NA,NA,NA,NA,NA,NA,NA,30.60386911,30.60386911,NA,1
899436,68580,1,NA,NA,41,41,2,NA,NA,NA,NA,NA,NA,NA,NA,NA,26.40650351,26.40650351,NA,1
899436,68580,1,NA,NA,39,39,2,NA,NA,NA,NA,NA,NA,NA,NA,NA,22.61730677,22.61730677,NA,1
899436,68580,1,NA,NA,44,44,2,NA,NA,NA,NA,NA,NA,NA,NA,NA,32.86245421,32.86245421,NA,1
899436,68580,1,NA,NA,41,41,2,NA,NA,NA,NA,NA,NA,NA,NA,NA,26.40650351,26.40650351,NA,1
899436,68580,1,NA,NA,40,40,2,NA,NA,NA,NA,NA,NA,NA,NA,NA,24.46224862,24.46224862,NA,1
899436,68580,1,NA,NA,41,41,2,NA,NA,NA,NA,NA,NA,NA,NA,NA,26.40650351,26.40650351,NA,1
899436,68580,2,NA,NA,36,36,2,0,0,0,NA,NA,NA,NA,NA,NA,17.1784912,17.1784912,NA,1
899436,68580,2,NA,NA,44,44,2,0,0,0,NA,NA,NA,NA,NA,NA,29.58146489,29.58146489,NA,1
899409,68580,2,NA,NA,40,40,2,0,0,0,NA,NA,NA,NA,NA,NA,22.85141483,22.85141483,NA,1
899409,69400,1,74,74,NA,NA,3,NA,NA,NA,NA,NA,NA,NA,NA,NA,316.80109859,316.80109859,NA,1
899409,69400,1,72,72,NA,NA,2,NA,NA,NA,NA,NA,NA,NA,NA,NA,291.64264248,291.64264248,NA,1
899409,69400,1,66,66,NA,NA,2,NA,NA,NA,NA,NA,NA,NA,NA,NA,224.24851238,224.24851238,NA,1
899409,69400,1,70,70,NA,NA,2,NA,NA,NA,NA,NA,NA,NA,NA,NA,267.8569789,267.8569789,NA,1
899409,69400,1,82,82,NA,NA,1,NA,NA,NA,NA,NA,NA,NA,NA,NA,431.94128859,431.94128859,NA,1
899409,69400,1,82,82,NA,NA,1,NA,NA,NA,NA,NA,NA,NA,NA,NA,431.94128859,431.94128859,NA,1
899409,69400,1,79,79,NA,NA,1,NA,NA,NA,NA,NA,NA,NA,NA,NA,385.95858104,385.95858104,NA,1
899409,69400,1,75,75,NA,NA,1,NA,NA,NA,NA,NA,NA,NA,NA,NA,329.90728127,329.90728127,NA,1
899410,69400,1,73,73,NA,NA,1,NA,NA,NA,NA,NA,NA,NA,NA,NA,304.04784032,304.04784032,NA,1
899410,69400,2,65,65,NA,NA,2,0,0,0,NA,NA,NA,NA,NA,NA,182.86489965,182.86489965,NA,1
899410,68560,1,NA,NA,83,83,3,NA,NA,NA,NA,NA,NA,NA,NA,NA,170.2452156,170.2452156,NA,1
899411,69400,1,66,66,NA,NA,2,NA,NA,NA,NA,NA,NA,NA,NA,NA,224.24851238,224.24851238,NA,1
858754,68580,1,NA,NA,91,91,2,NA,NA,NA,NA,NA,NA,NA,NA,NA,312.00251216,312.00251216,NA,4.0479
858754,68580,1,NA,NA,87,87,2,NA,NA,NA,NA,21,NA,NA,NA,NA,271.45202457,271.45202457,NA,4.0479
858754,68580,1,NA,NA,84,84,2,NA,NA,NA,NA,19,NA,NA,NA,NA,243.49556361,243.49556361,NA,4.0479
858754,68580,1,NA,NA,93,93,2,NA,NA,NA,NA,18,NA,NA,NA,NA,333.73440379,333.73440379,NA,4.0479
858754,68580,1,NA,NA,87,87,2,NA,NA,NA,NA,21,NA,NA,NA,NA,271.45202457,271.45202457,NA,4.0479
858754,68580,1,NA,NA,97,97,2,NA,NA,NA,NA,24,NA,NA,NA,NA,380.22964637,380.22964637,NA,4.0479
858754,68580,1,NA,NA,95,95,2,NA,NA,NA,NA,24,NA,NA,NA,NA,356.46888772,356.46888772,NA,4.0479
858754,68580,1,NA,NA,77,77,2,NA,NA,NA,NA,17,NA,NA,NA,NA,185.97318092,185.97318092,NA,4.0479
858754,68580,1,NA,NA,72,72,2,NA,NA,NA,NA,16,NA,NA,NA,NA,151.05667047,151.05667047,NA,4.0479
858754,68580,1,NA,NA,77,77,2,NA,NA,NA,NA,19,NA,NA,NA,NA,185.97318092,185.97318092,NA,4.0479
858754,68580,1,NA,NA,90,90,2,NA,NA,NA,NA,22,NA,NA,NA,NA,301.50515121,301.50515121,NA,4.0479
858754,68580,1,NA,NA,73,73,2,NA,NA,NA,NA,NA,NA,NA,NA,NA,157.64985653,157.64985653,NA,4.0479
858754,68580,1,NA,NA,64,64,2,NA,NA,NA,NA,NA,NA,NA,NA,NA,104.88360453,104.88360453,NA,4.0479
858754,68580,1,NA,NA,70,70,2,NA,NA,NA,NA,NA,NA,NA,NA,NA,138.43525375,138.43525375,NA,4.0479
858754,68580,1,NA,NA,74,74,2,NA,NA,NA,NA,NA,NA,NA,NA,NA,164.43520838,164.43520838,NA,4.0479
858754,68580,1,NA,NA,97,97,2,NA,NA,NA,NA,NA,NA,NA,NA,NA,380.22964637,380.22964637,NA,4.0479
858754,68580,1,NA,NA,67,67,2,NA,NA,NA,NA,NA,NA,NA,NA,NA,120.8723379,120.8723379,NA,4.0479
858754,68580,1,NA,NA,60,60,2,NA,NA,NA,NA,NA,NA,NA,NA,NA,85.88069613,85.88069613,NA,4.0479
858754,68580,1,NA,NA,57,57,2,NA,NA,NA,NA,NA,NA,NA,NA,NA,73.26556882,73.26556882,NA,4.0479
858754,68580,1,NA,NA,62,62,2,NA,NA,NA,NA,NA,NA,NA,NA,NA,95.0608731,95.0608731,NA,4.0479
858754,68580,1,NA,NA,70,70,2,NA,NA,NA,NA,NA,NA,NA,NA,NA,138.43525375,138.43525375,NA,4.0479
858754,68580,1,NA,NA,71,71,2,NA,NA,NA,NA,NA,NA,NA,NA,NA,144.65276374,144.65276374,NA,4.0479
858754,68580,1,NA,NA,70,70,2,NA,NA,NA,NA,NA,NA,NA,NA,NA,138.43525375,138.43525375,NA,4.0479
858754,68580,1,NA,NA,74,74,2,NA,NA,NA,NA,NA,NA,NA,NA,NA,164.43520838,164.43520838,NA,4.0479
858754,68580,1,NA,NA,62,62,2,NA,NA,NA,NA,NA,NA,NA,NA,NA,95.0608731,95.0608731,NA,4.0479
858754,68580,1,NA,NA,57,57,2,NA,NA,NA,NA,NA,NA,NA,NA,NA,73.26556882,73.26556882,NA,4.0479
858754,68580,1,NA,NA,63,63,2,NA,NA,NA,NA,NA,NA,NA,NA,NA,99.89049751,99.89049751,NA,4.0479
858754,68580,1,NA,NA,77,77,2,NA,NA,NA,NA,NA,NA,NA,NA,NA,185.97318092,185.97318092,NA,4.0479
858754,68580,1,NA,NA,59,59,2,NA,NA,NA,NA,NA,NA,NA,NA,NA,81.52446679,81.52446679,NA,4.0479
858754,68580,1,NA,NA,68,68,2,NA,NA,NA,NA,NA,NA,NA,NA,NA,126.54791344,126.54791344,NA,4.0479
858754,68580,1,NA,NA,49,49,2,NA,NA,NA,NA,NA,NA,NA,NA,NA,45.86444482,45.86444482,NA,4.0479
858754,68580,1,NA,NA,67,67,2,NA,NA,NA,NA,NA,NA,NA,NA,NA,120.8723379,120.8723379,NA,4.0479
858754,68580,1,NA,NA,62,62,2,NA,NA,NA,NA,NA,NA,NA,NA,NA,95.0608731,95.0608731,NA,4.0479
858754,68580,1,NA,NA,63,63,2,NA,NA,NA,NA,NA,NA,NA,NA,NA,99.89049751,99.89049751,NA,4.0479
858754,68580,1,NA,NA,67,67,2,NA,NA,NA,NA,NA,NA,NA,NA,NA,120.8723379,120.8723379,NA,4.0479
858754,68580,1,NA,NA,62,62,2,NA,NA,NA,NA,NA,NA,NA,NA,NA,95.0608731,95.0608731,NA,4.0479
858754,68580,1,NA,NA,63,63,2,NA,NA,NA,NA,NA,NA,NA,NA,NA,99.89049751,99.89049751,NA,4.0479
858754,68580,1,NA,NA,67,67,2,NA,NA,NA,NA,NA,NA,NA,NA,NA,120.8723379,120.8723379,NA,4.0479
858754,68580,1,NA,NA,72,72,2,NA,NA,NA,NA,NA,NA,NA,NA,NA,151.05667047,151.05667047,NA,4.0479
858754,68580,1,NA,NA,67,67,2,NA,NA,NA,NA,NA,NA,NA,NA,NA,120.8723379,120.8723379,NA,4.0479
858754,68580,1,NA,NA,59,59,2,NA,NA,NA,NA,NA,NA,NA,NA,NA,81.52446679,81.52446679,NA,4.0479
858754,68580,1,NA,NA,82,82,2,NA,NA,NA,NA,NA,NA,NA,NA,NA,225.98361783,225.98361783,NA,4.0479
858754,68580,1,NA,NA,72,72,2,NA,NA,NA,NA,NA,NA,NA,NA,NA,151.05667047,151.05667047,NA,4.0479
858754,68580,1,NA,NA,67,67,2,NA,NA,NA,NA,NA,NA,NA,NA,NA,120.8723379,120.8723379,NA,4.0479
858754,68580,1,NA,NA,67,67,2,NA,NA,NA,NA,NA,NA,NA,NA,NA,120.8723379,120.8723379,NA,4.0479
858754,68580,1,NA,NA,69,69,2,NA,NA,NA,NA,NA,NA,NA,NA,NA,132.40126186,132.40126186,NA,4.0479
858754,68580,1,NA,NA,59,59,2,NA,NA,NA,NA,NA,NA,NA,NA,NA,81.52446679,81.52446679,NA,4.0479
858754,68580,1,NA,NA,62,62,2,NA,NA,NA,NA,NA,NA,NA,NA,NA,95.0608731,95.0608731,NA,4.0479
858754,68580,1,NA,NA,63,63,2,NA,NA,NA,NA,NA,NA,NA,NA,NA,99.89049751,99.89049751,NA,4.0479
858754,68580,1,NA,NA,62,62,2,NA,NA,NA,NA,NA,NA,NA,NA,NA,95.0608731,95.0608731,NA,4.0479
858754,68580,1,NA,NA,67,67,2,NA,NA,NA,NA,NA,NA,NA,NA,NA,120.8723379,120.8723379,NA,4.0479
858754,68580,1,NA,NA,77,77,2,NA,NA,NA,NA,NA,NA,NA,NA,NA,185.97318092,185.97318092,NA,4.0479
858754,68580,1,NA,NA,64,64,2,NA,NA,NA,NA,NA,NA,NA,NA,NA,104.88360453,104.88360453,NA,4.0479
858754,68580,1,NA,NA,69,69,2,NA,NA,NA,NA,NA,NA,NA,NA,NA,132.40126186,132.40126186,NA,4.0479
858754,68580,1,NA,NA,72,72,2,NA,NA,NA,NA,NA,NA,NA,NA,NA,151.05667047,151.05667047,NA,4.0479
858754,68580,1,NA,NA,77,77,2,NA,NA,NA,NA,NA,NA,NA,NA,NA,185.97318092,185.97318092,NA,4.0479
858754,68580,1,NA,NA,68,68,2,NA,NA,NA,NA,NA,NA,NA,NA,NA,126.54791344,126.54791344,NA,4.0479
858754,68580,1,NA,NA,64,64,2,NA,NA,NA,NA,NA,NA,NA,NA,NA,104.88360453,104.88360453,NA,4.0479
858754,68580,1,NA,NA,67,67,2,NA,NA,NA,NA,NA,NA,NA,NA,NA,120.8723379,120.8723379,NA,4.0479
858754,68580,1,NA,NA,72,72,2,NA,NA,NA,NA,NA,NA,NA,NA,NA,151.05667047,151.05667047,NA,4.0479
858754,68580,1,NA,NA,64,64,2,NA,NA,NA,NA,NA,NA,NA,NA,NA,104.88360453,104.88360453,NA,4.0479
858754,68580,1,NA,NA,65,65,2,NA,NA,NA,NA,NA,NA,NA,NA,NA,110.04304366,110.04304366,NA,4.0479
858754,68580,1,NA,NA,57,57,2,NA,NA,NA,NA,NA,NA,NA,NA,NA,73.26556882,73.26556882,NA,4.0479
858754,68580,1,NA,NA,67,67,2,NA,NA,NA,NA,NA,NA,NA,NA,NA,120.8723379,120.8723379,NA,4.0479
858754,68580,1,NA,NA,66,66,2,NA,NA,NA,NA,NA,NA,NA,NA,NA,115.37166875,115.37166875,NA,4.0479
858754,68580,1,NA,NA,64,64,2,NA,NA,NA,NA,NA,NA,NA,NA,NA,104.88360453,104.88360453,NA,4.0479
858754,68580,1,NA,NA,65,65,2,NA,NA,NA,NA,NA,NA,NA,NA,NA,110.04304366,110.04304366,NA,4.0479
858754,68580,1,NA,NA,75,75,2,NA,NA,NA,NA,NA,NA,NA,NA,NA,171.41561635,171.41561635,NA,4.0479
858754,68580,1,NA,NA,69,69,2,NA,NA,NA,NA,NA,NA,NA,NA,NA,132.40126186,132.40126186,NA,4.0479
858754,68580,1,NA,NA,64,64,2,NA,NA,NA,NA,NA,NA,NA,NA,NA,104.88360453,104.88360453,NA,4.0479
858754,68580,1,NA,NA,78,78,2,NA,NA,NA,NA,NA,NA,NA,NA,NA,193.55613699,193.55613699,NA,4.0479
858754,68580,1,NA,NA,71,71,3,NA,NA,NA,NA,NA,NA,NA,NA,NA,144.65276374,144.65276374,NA,4.0479
858754,68580,1,NA,NA,51,51,3,NA,NA,NA,NA,NA,NA,NA,NA,NA,51.91443263,51.91443263,NA,4.0479
858754,68580,1,NA,NA,49,49,3,NA,NA,NA,NA,NA,NA,NA,NA,NA,45.86444482,45.86444482,NA,4.0479
858754,68580,1,NA,NA,51,51,3,NA,NA,NA,NA,NA,NA,NA,NA,NA,51.91443263,51.91443263,NA,4.0479
858755,68580,2,NA,NA,55,55,2,4,1,5,NA,NA,NA,NA,NA,NA,59.97784122,59.97784122,NA,2.7447
858755,68580,2,NA,NA,51,51,2,4,1,5,NA,NA,NA,NA,NA,NA,48.88354571,48.88354571,NA,2.7447
858755,68580,2,NA,NA,51,51,2,4,1,5,NA,NA,NA,NA,NA,NA,48.88354571,48.88354571,NA,2.7447
858755,68580,2,NA,NA,52,52,2,4,1,5,NA,NA,NA,NA,NA,NA,51.52362428,51.52362428,NA,2.7447
858755,68580,2,NA,NA,52,52,2,4,1,5,NA,NA,NA,NA,NA,NA,51.52362428,51.52362428,NA,2.7447
858755,68580,2,NA,NA,54,54,2,4,1,5,NA,NA,NA,NA,NA,NA,57.06957643,57.06957643,NA,2.7447
858755,68580,2,NA,NA,50,50,2,4,1,5,NA,NA,NA,NA,NA,NA,46.33046023,46.33046023,NA,2.7447
858755,68580,2,NA,NA,52,52,2,4,1,5,NA,NA,NA,NA,NA,NA,51.52362428,51.52362428,NA,2.7447
858755,68580,2,NA,NA,53,53,2,4,1,5,NA,NA,NA,NA,NA,NA,54.25190156,54.25190156,NA,2.7447
858755,68580,2,NA,NA,52,52,2,4,1,5,NA,NA,NA,NA,NA,NA,51.52362428,51.52362428,NA,2.7447
858755,68580,2,NA,NA,56,56,2,4,1,6,NA,NA,NA,NA,NA,NA,62.97788182,62.97788182,NA,2.7447
899426,68560,1,NA,NA,130,130,2,NA,NA,NA,NA,25,NA,NA,NA,NA,660.66886914,660.66886914,NA,1
899426,68560,1,NA,NA,92,92,2,NA,NA,NA,NA,13,NA,NA,NA,NA,232.37731319,232.37731319,NA,1
899426,68560,1,NA,NA,97,97,2,NA,NA,NA,NA,14,NA,NA,NA,NA,272.68055704,272.68055704,NA,1
899426,68560,1,NA,NA,45,45,2,NA,NA,NA,NA,5,NA,NA,NA,NA,26.76661864,26.76661864,NA,1
899426,68560,1,NA,NA,36,36,2,NA,NA,NA,NA,NA,NA,NA,NA,NA,13.63698824,13.63698824,NA,1
899426,68560,1,NA,NA,45,45,2,NA,NA,NA,NA,NA,NA,NA,NA,NA,26.76661864,26.76661864,NA,1
899426,68560,1,NA,NA,40,40,2,NA,NA,NA,NA,NA,NA,NA,NA,NA,18.75010629,18.75010629,NA,1
899426,68560,1,NA,NA,33,33,2,NA,NA,NA,NA,NA,2,NA,NA,NA,10.48374313,10.48374313,NA,1
899426,68560,1,NA,NA,33,33,2,NA,NA,NA,NA,NA,NA,NA,NA,NA,10.48374313,10.48374313,NA,1
899426,68560,1,NA,NA,34,34,2,NA,NA,NA,NA,NA,NA,NA,NA,NA,11.47356208,11.47356208,NA,1
899426,68560,1,NA,NA,34,34,2,NA,NA,NA,NA,NA,NA,NA,NA,NA,11.47356208,11.47356208,NA,1
899426,68560,1,NA,NA,35,35,2,NA,NA,NA,NA,NA,NA,NA,NA,NA,12.52403577,12.52403577,NA,1
899426,68560,1,NA,NA,48,48,2,NA,NA,NA,NA,NA,NA,NA,NA,NA,32.53119896,32.53119896,NA,1
899426,68560,1,NA,NA,34,34,2,NA,NA,NA,NA,NA,NA,NA,NA,NA,11.47356208,11.47356208,NA,1
899426,68560,1,NA,NA,36,36,2,NA,NA,NA,NA,NA,NA,NA,NA,NA,13.63698824,13.63698824,NA,1
899426,68560,1,NA,NA,117,117,4,NA,NA,NA,NA,23,NA,NA,NA,NA,480.50573475,480.50573475,NA,1
899426,68560,1,NA,NA,58,58,4,NA,NA,NA,NA,16,NA,NA,NA,NA,57.63409261,57.63409261,NA,1
899426,68560,1,NA,NA,116,116,4,NA,NA,NA,NA,NA,NA,NA,NA,NA,468.20111646,468.20111646,NA,1
899426,68560,1,NA,NA,129,129,4,NA,NA,NA,NA,NA,NA,NA,NA,NA,645.42931619,645.42931619,NA,1
899426,68560,1,NA,NA,96,96,4,NA,NA,NA,NA,18,NA,NA,NA,NA,264.27315818,264.27315818,NA,1
899426,68560,1,NA,NA,104,104,4,NA,NA,NA,NA,20,NA,NA,NA,NA,336.59588168,336.59588168,NA,1
899426,68560,1,NA,NA,91,91,4,NA,NA,NA,NA,16,NA,NA,NA,NA,224.82746479,224.82746479,NA,1
899426,68560,1,NA,NA,100,100,4,NA,NA,NA,NA,NA,NA,NA,NA,NA,298.97285876,298.97285876,NA,1
899426,68560,1,NA,NA,98,98,4,NA,NA,NA,NA,NA,NA,NA,NA,NA,281.26506238,281.26506238,NA,1
899426,68560,1,NA,NA,118,118,4,NA,NA,NA,NA,23,NA,NA,NA,NA,493.02486452,493.02486452,NA,1
899426,68560,1,NA,NA,126,126,4,NA,NA,NA,NA,25,NA,NA,NA,NA,601.12529216,601.12529216,NA,1
899426,68560,1,NA,NA,97,97,4,NA,NA,NA,NA,18,NA,NA,NA,NA,272.68055704,272.68055704,NA,1
899426,68560,1,NA,NA,105,105,4,NA,NA,NA,NA,19,NA,NA,NA,NA,346.47241667,346.47241667,NA,1
899426,68560,1,NA,NA,137,137,4,NA,NA,NA,NA,30,NA,NA,NA,NA,774.14023266,774.14023266,NA,1
899426,68560,1,NA,NA,127,127,5,NA,NA,NA,NA,26,NA,NA,NA,NA,615.65940544,615.65940544,NA,1
899427,68580,1,NA,NA,118,118,1,NA,NA,NA,NA,29,NA,NA,NA,NA,697.67638651,697.67638651,NA,1
899427,68580,1,NA,NA,110,110,1,NA,NA,NA,NA,NA,NA,NA,NA,NA,561.33339435,561.33339435,NA,1
899427,68580,1,NA,NA,121,121,1,NA,NA,NA,NA,31,NA,NA,NA,NA,754.09228556,754.09228556,NA,1
899427,68580,1,NA,NA,114,114,1,NA,NA,NA,NA,30,NA,NA,NA,NA,626.99775076,626.99775076,NA,1
899427,68580,1,NA,NA,126,126,1,NA,NA,NA,NA,36,NA,NA,NA,NA,854.85062459,854.85062459,NA,1
899427,68580,1,NA,NA,117,117,1,NA,NA,NA,NA,NA,NA,NA,NA,NA,679.5260749,679.5260749,NA,1
899427,68580,1,NA,NA,110,110,1,NA,NA,NA,NA,26,NA,NA,NA,NA,561.33339435,561.33339435,NA,1
899427,68580,1,NA,NA,113,113,1,NA,NA,NA,NA,28,NA,NA,NA,NA,610.11911226,610.11911226,NA,1
899427,68580,1,NA,NA,113,113,1,NA,NA,NA,NA,NA,NA,NA,NA,NA,610.11911226,610.11911226,NA,1
899427,68580,1,NA,NA,117,117,1,NA,NA,NA,NA,NA,NA,NA,NA,NA,679.5260749,679.5260749,NA,1
899427,68580,1,NA,NA,124,124,1,NA,NA,NA,NA,NA,NA,NA,NA,NA,813.51929132,813.51929132,NA,1
899427,68580,1,NA,NA,116,116,1,NA,NA,NA,NA,29,NA,NA,NA,NA,661.69821314,661.69821314,NA,1
899427,68580,1,NA,NA,101,101,1,NA,NA,NA,NA,24,NA,NA,NA,NA,430.9249593,430.9249593,NA,1
899427,68580,1,NA,NA,113,113,1,NA,NA,NA,NA,NA,NA,NA,NA,NA,610.11911226,610.11911226,NA,1
899427,68580,1,NA,NA,121,121,1,NA,NA,NA,NA,28,NA,NA,NA,NA,754.09228556,754.09228556,NA,1
899427,68580,1,NA,NA,120,120,1,NA,NA,NA,NA,NA,NA,NA,NA,NA,734.95646285,734.95646285,NA,1
899427,68580,1,NA,NA,106,106,1,NA,NA,NA,NA,NA,NA,NA,NA,NA,500.49060382,500.49060382,NA,1
899427,68580,1,NA,NA,119,119,1,NA,NA,NA,NA,NA,NA,NA,NA,NA,716.15217325,716.15217325,NA,1
899427,68580,1,NA,NA,117,117,1,NA,NA,NA,NA,32,NA,NA,NA,NA,679.5260749,679.5260749,NA,1
899427,68580,1,NA,NA,102,102,1,NA,NA,NA,NA,20,NA,NA,NA,NA,444.27734632,444.27734632,NA,1
899427,68580,1,NA,NA,111,111,1,NA,NA,NA,NA,NA,NA,NA,NA,NA,577.28994524,577.28994524,NA,1
899427,68580,1,NA,NA,116,116,1,NA,NA,NA,NA,NA,NA,NA,NA,NA,661.69821314,661.69821314,NA,1
899427,68580,1,NA,NA,114,114,1,NA,NA,NA,NA,NA,NA,NA,NA,NA,626.99775076,626.99775076,NA,1
899427,68580,1,NA,NA,111,111,1,NA,NA,NA,NA,NA,NA,NA,NA,NA,577.28994524,577.28994524,NA,1
899427,68580,1,NA,NA,104,104,1,NA,NA,NA,NA,NA,NA,NA,NA,NA,471.81725829,471.81725829,NA,1
899427,68580,1,NA,NA,109,109,1,NA,NA,NA,NA,26,NA,NA,NA,NA,545.678188,545.678188,NA,1
899427,68580,1,NA,NA,110,110,2,NA,NA,NA,NA,NA,NA,NA,NA,NA,561.33339435,561.33339435,NA,1
899427,68580,1,NA,NA,113,113,2,NA,NA,NA,NA,24,NA,NA,NA,NA,610.11911226,610.11911226,NA,1
899427,68580,1,NA,NA,99,99,3,NA,NA,NA,NA,24,NA,NA,NA,NA,405.0404107,405.0404107,NA,1
899427,68580,1,NA,NA,85,85,3,NA,NA,NA,NA,24,NA,NA,NA,NA,252.58631517,252.58631517,NA,1
899421,68580,1,NA,NA,105,105,1,NA,NA,NA,NA,NA,NA,NA,NA,NA,486.01075673,486.01075673,NA,5.2616
899421,68580,1,NA,NA,105,105,1,NA,NA,NA,NA,NA,NA,NA,NA,NA,486.01075673,486.01075673,NA,5.2616
899421,68580,1,NA,NA,94,94,1,NA,NA,NA,NA,NA,NA,NA,NA,NA,344.97484272,344.97484272,NA,5.2616
899421,68580,1,NA,NA,104,104,1,NA,NA,NA,NA,NA,NA,NA,NA,NA,471.81725829,471.81725829,NA,5.2616
899421,68580,1,NA,NA,105,105,1,NA,NA,NA,NA,21,NA,NA,NA,NA,486.01075673,486.01075673,NA,5.2616
899421,68580,1,NA,NA,105,105,1,NA,NA,NA,NA,NA,NA,NA,NA,NA,486.01075673,486.01075673,NA,5.2616
899421,68580,1,NA,NA,110,110,1,NA,NA,NA,NA,NA,NA,NA,NA,NA,561.33339435,561.33339435,NA,5.2616
899421,68580,1,NA,NA,111,111,1,NA,NA,NA,NA,NA,NA,NA,NA,NA,577.28994524,577.28994524,NA,5.2616
899421,68580,1,NA,NA,100,100,1,NA,NA,NA,NA,NA,NA,NA,NA,NA,417.84697396,417.84697396,NA,5.2616
899421,68580,1,NA,NA,80,80,1,NA,NA,NA,NA,NA,NA,NA,NA,NA,209.34492297,209.34492297,NA,5.2616
899421,68580,1,NA,NA,84,84,1,NA,NA,NA,NA,NA,NA,NA,NA,NA,243.49556361,243.49556361,NA,5.2616
899421,68580,1,NA,NA,99,99,1,NA,NA,NA,NA,21,NA,NA,NA,NA,405.0404107,405.0404107,NA,5.2616
858755,68580,1,NA,NA,59,59,3,NA,NA,NA,NA,NA,NA,NA,NA,NA,81.52446679,81.52446679,NA,3.6599
858755,68580,1,NA,NA,59,59,3,NA,NA,NA,NA,NA,NA,NA,NA,NA,81.52446679,81.52446679,NA,3.6599
858755,68580,1,NA,NA,62,62,3,NA,NA,NA,NA,NA,NA,NA,NA,NA,95.0608731,95.0608731,NA,3.6599
858755,68580,1,NA,NA,63,63,3,NA,NA,NA,NA,NA,NA,NA,NA,NA,99.89049751,99.89049751,NA,3.6599
858755,68580,1,NA,NA,64,64,3,NA,NA,NA,NA,NA,NA,NA,NA,NA,104.88360453,104.88360453,NA,3.6599
858755,68580,1,NA,NA,59,59,3,NA,NA,NA,NA,NA,NA,NA,NA,NA,81.52446679,81.52446679,NA,3.6599
858755,68580,1,NA,NA,57,57,3,NA,NA,NA,NA,NA,NA,NA,NA,NA,73.26556882,73.26556882,NA,3.6599
858755,68580,1,NA,NA,63,63,3,NA,NA,NA,NA,NA,NA,NA,NA,NA,99.89049751,99.89049751,NA,3.6599
858755,68580,1,NA,NA,45,45,3,NA,NA,NA,NA,NA,NA,NA,NA,NA,35.23130087,35.23130087,NA,3.6599
858755,68580,1,NA,NA,64,64,3,NA,NA,NA,NA,NA,NA,NA,NA,NA,104.88360453,104.88360453,NA,3.6599
858755,68580,1,NA,NA,59,59,3,NA,NA,NA,NA,NA,NA,NA,NA,NA,81.52446679,81.52446679,NA,3.6599
858755,68580,1,NA,NA,46,46,3,NA,NA,NA,NA,NA,NA,NA,NA,NA,37.71316175,37.71316175,NA,3.6599
858755,68580,1,NA,NA,58,58,3,NA,NA,NA,NA,NA,NA,NA,NA,NA,77.32036664,77.32036664,NA,3.6599
858755,68580,1,NA,NA,57,57,3,NA,NA,NA,NA,NA,NA,NA,NA,NA,73.26556882,73.26556882,NA,3.6599
858755,68580,1,NA,NA,51,51,3,NA,NA,NA,NA,NA,NA,NA,NA,NA,51.91443263,51.91443263,NA,3.6599
858755,68580,1,NA,NA,44,44,3,NA,NA,NA,NA,NA,NA,NA,NA,NA,32.86245421,32.86245421,NA,3.6599
858755,68580,1,NA,NA,66,66,3,NA,NA,NA,NA,NA,NA,NA,NA,NA,115.37166875,115.37166875,NA,3.6599
858755,68580,1,NA,NA,51,51,3,NA,NA,NA,NA,NA,NA,NA,NA,NA,51.91443263,51.91443263,NA,3.6599
858755,68580,1,NA,NA,60,60,3,NA,NA,NA,NA,NA,NA,NA,NA,NA,85.88069613,85.88069613,NA,3.6599
858755,68580,1,NA,NA,63,63,3,NA,NA,NA,NA,NA,NA,NA,NA,NA,99.89049751,99.89049751,NA,3.6599
858755,68580,1,NA,NA,63,63,3,NA,NA,NA,NA,NA,NA,NA,NA,NA,99.89049751,99.89049751,NA,3.6599
858755,68580,1,NA,NA,68,68,3,NA,NA,NA,NA,NA,2,NA,NA,NA,126.54791344,126.54791344,NA,3.6599
858755,68580,1,NA,NA,63,63,3,NA,NA,NA,NA,NA,2,NA,NA,NA,99.89049751,99.89049751,NA,3.6599
858755,68580,1,NA,NA,59,59,3,NA,NA,NA,NA,NA,2,NA,NA,NA,81.52446679,81.52446679,NA,3.6599
858755,68580,1,NA,NA,59,59,3,NA,NA,NA,NA,NA,2,NA,NA,NA,81.52446679,81.52446679,NA,3.6599
858755,68580,1,NA,NA,58,58,3,NA,NA,NA,NA,NA,2,NA,NA,NA,77.32036664,77.32036664,NA,3.6599
858755,68580,1,NA,NA,59,59,3,NA,NA,NA,NA,NA,2,NA,NA,NA,81.52446679,81.52446679,NA,3.6599
858756,68580,2,NA,NA,54,54,2,4,1,5,NA,NA,NA,NA,NA,NA,57.06957643,57.06957643,NA,4.6316
858756,68580,2,NA,NA,49,49,2,4,1,5,NA,NA,NA,NA,NA,NA,43.86315531,43.86315531,NA,4.6316
858756,68580,2,NA,NA,50,50,2,4,1,5,NA,NA,NA,NA,NA,NA,46.33046023,46.33046023,NA,4.6316
858756,68580,2,NA,NA,47,47,2,4,1,5,NA,NA,NA,NA,NA,NA,39.18100146,39.18100146,NA,4.6316
858756,68580,2,NA,NA,47,47,2,4,1,5,NA,NA,NA,NA,NA,NA,39.18100146,39.18100146,NA,4.6316
858756,68580,2,NA,NA,55,55,2,4,1,6,NA,NA,NA,NA,NA,NA,59.97784122,59.97784122,NA,4.6316
858756,68580,2,NA,NA,52,52,2,4,1,6,NA,NA,NA,NA,NA,NA,51.52362428,51.52362428,NA,4.6316
858756,68580,2,NA,NA,57,57,2,4,1,6,NA,NA,NA,NA,NA,NA,66.07087788,66.07087788,NA,4.6316
858756,68580,2,NA,NA,54,54,2,4,1,6,NA,NA,NA,NA,NA,NA,57.06957643,57.06957643,NA,4.6316
858756,68580,2,NA,NA,54,54,2,4,1,6,NA,NA,NA,NA,NA,NA,57.06957643,57.06957643,NA,4.6316
858756,68580,2,NA,NA,47,47,2,4,1,6,NA,NA,NA,NA,NA,NA,39.18100146,39.18100146,NA,4.6316
858756,68580,2,NA,NA,52,52,2,4,1,6,NA,NA,NA,NA,NA,NA,51.52362428,51.52362428,NA,4.6316
858756,68580,2,NA,NA,54,54,2,4,1,6,NA,NA,NA,NA,NA,NA,57.06957643,57.06957643,NA,4.6316
858756,68580,2,NA,NA,49,49,3,4,1,5,NA,NA,NA,NA,NA,NA,43.86315531,43.86315531,NA,4.6316
858756,68580,2,NA,NA,48,48,3,4,1,5,NA,NA,NA,NA,NA,NA,41.48041135,41.48041135,NA,4.6316
858756,68580,2,NA,NA,54,54,3,4,1,5,NA,NA,NA,NA,NA,NA,57.06957643,57.06957643,NA,4.6316
858756,68580,2,NA,NA,44,44,3,4,1,5,NA,NA,NA,NA,NA,NA,32.77039418,32.77039418,NA,4.6316
858756,68580,2,NA,NA,51,51,3,4,1,5,NA,NA,NA,NA,NA,NA,48.88354571,48.88354571,NA,4.6316
858756,68580,2,NA,NA,56,56,3,4,1,5,NA,NA,NA,NA,NA,NA,62.97788182,62.97788182,NA,4.6316
858756,68580,2,NA,NA,51,51,3,4,1,5,NA,NA,NA,NA,NA,NA,48.88354571,48.88354571,NA,4.6316
858756,68580,2,NA,NA,48,48,3,4,1,5,NA,NA,NA,NA,NA,NA,41.48041135,41.48041135,NA,4.6316
899421,68580,1,NA,NA,112,112,1,NA,NA,NA,NA,NA,NA,NA,NA,NA,593.55084792,593.55084792,NA,5.2616
899421,68580,1,NA,NA,95,95,1,NA,NA,NA,NA,NA,NA,NA,NA,NA,356.46888772,356.46888772,NA,5.2616
899421,68580,1,NA,NA,96,96,1,NA,NA,NA,NA,NA,NA,NA,NA,NA,368.21950065,368.21950065,NA,5.2616
899421,68580,1,NA,NA,92,92,1,NA,NA,NA,NA,NA,NA,NA,NA,NA,322.74461217,322.74461217,NA,5.2616
899421,68580,1,NA,NA,101,101,1,NA,NA,NA,NA,NA,NA,NA,NA,NA,430.9249593,430.9249593,NA,5.2616
899421,68580,1,NA,NA,120,120,1,NA,NA,NA,NA,NA,NA,NA,NA,NA,734.95646285,734.95646285,NA,5.2616
899421,68580,1,NA,NA,110,110,1,NA,NA,NA,NA,NA,NA,NA,NA,NA,561.33339435,561.33339435,NA,5.2616
899421,68580,1,NA,NA,103,103,1,NA,NA,NA,NA,NA,NA,NA,NA,NA,457.90711754,457.90711754,NA,5.2616
899421,68580,1,NA,NA,91,91,1,NA,NA,NA,NA,NA,NA,NA,NA,NA,312.00251216,312.00251216,NA,5.2616
899421,68580,1,NA,NA,93,93,1,NA,NA,NA,NA,NA,NA,NA,NA,NA,333.73440379,333.73440379,NA,5.2616
899421,68580,1,NA,NA,98,98,1,NA,NA,NA,NA,NA,NA,NA,NA,NA,392.50229277,392.50229277,NA,5.2616
899421,68580,1,NA,NA,100,100,1,NA,NA,NA,NA,NA,NA,NA,NA,NA,417.84697396,417.84697396,NA,5.2616
899421,68580,1,NA,NA,105,105,1,NA,NA,NA,NA,NA,NA,NA,NA,NA,486.01075673,486.01075673,NA,5.2616
899421,68580,1,NA,NA,101,101,1,NA,NA,NA,NA,NA,NA,NA,NA,NA,430.9249593,430.9249593,NA,5.2616
899421,68580,1,NA,NA,100,100,1,NA,NA,NA,NA,NA,NA,NA,NA,NA,417.84697396,417.84697396,NA,5.2616
899421,68580,1,NA,NA,106,106,1,NA,NA,NA,NA,NA,NA,NA,NA,NA,500.49060382,500.49060382,NA,5.2616
899421,68580,1,NA,NA,100,100,1,NA,NA,NA,NA,NA,NA,NA,NA,NA,417.84697396,417.84697396,NA,5.2616
899421,68580,1,NA,NA,101,101,1,NA,NA,NA,NA,NA,NA,NA,NA,NA,430.9249593,430.9249593,NA,5.2616
899421,68580,1,NA,NA,95,95,1,NA,NA,NA,NA,NA,NA,NA,NA,NA,356.46888772,356.46888772,NA,5.2616
899421,68580,1,NA,NA,102,102,1,NA,NA,NA,NA,NA,NA,NA,NA,NA,444.27734632,444.27734632,NA,5.2616
899421,68580,1,NA,NA,110,110,1,NA,NA,NA,NA,NA,NA,NA,NA,NA,561.33339435,561.33339435,NA,5.2616
899421,68580,1,NA,NA,90,90,1,NA,NA,NA,NA,NA,NA,NA,NA,NA,301.50515121,301.50515121,NA,5.2616
899421,68580,1,NA,NA,99,99,1,NA,NA,NA,NA,NA,NA,NA,NA,NA,405.0404107,405.0404107,NA,5.2616
899421,68580,1,NA,NA,85,85,1,NA,NA,NA,NA,NA,NA,NA,NA,NA,252.58631517,252.58631517,NA,5.2616
899421,68580,1,NA,NA,117,117,1,NA,NA,NA,NA,NA,NA,NA,NA,NA,679.5260749,679.5260749,NA,5.2616
899421,68580,1,NA,NA,110,110,1,NA,NA,NA,NA,NA,NA,NA,NA,NA,561.33339435,561.33339435,NA,5.2616
899421,68580,1,NA,NA,110,110,1,NA,NA,NA,NA,NA,NA,NA,NA,NA,561.33339435,561.33339435,NA,5.2616
899421,68580,1,NA,NA,110,110,1,NA,NA,NA,NA,NA,NA,NA,NA,NA,561.33339435,561.33339435,NA,5.2616
899421,68580,1,NA,NA,93,93,1,NA,NA,NA,NA,NA,NA,NA,NA,NA,333.73440379,333.73440379,NA,5.2616
899421,68580,1,NA,NA,70,70,3,NA,NA,NA,NA,16,NA,NA,NA,NA,138.43525375,138.43525375,NA,5.2616
899421,68580,1,NA,NA,99,99,2,NA,NA,NA,NA,19,NA,NA,NA,NA,405.0404107,405.0404107,NA,5.2616
899421,68580,1,NA,NA,102,102,2,NA,NA,NA,NA,25,NA,NA,NA,NA,444.27734632,444.27734632,NA,5.2616
899421,68560,1,NA,NA,94,94,4,NA,NA,NA,NA,17,NA,NA,NA,NA,247.98221616,247.98221616,NA,1
899421,68560,1,NA,NA,108,108,2,NA,NA,NA,NA,17,NA,NA,NA,NA,377.26179956,377.26179956,NA,1
899421,68560,1,NA,NA,90,90,2,NA,NA,NA,NA,12,NA,NA,NA,NA,217.44353318,217.44353318,NA,1
899421,68560,1,NA,NA,103,103,2,NA,NA,NA,NA,15,NA,NA,NA,NA,326.90952712,326.90952712,NA,1
899421,69400,2,75,75,NA,NA,2,0,0,1,NA,NA,NA,NA,NA,NA,275.34257227,275.34257227,NA,1
899421,69400,1,88,88,NA,NA,2,NA,NA,NA,NA,NA,NA,NA,NA,NA,534.61920438,534.61920438,NA,1
899421,69400,1,90,90,NA,NA,2,NA,NA,NA,NA,NA,NA,NA,NA,NA,572.16233333,572.16233333,NA,1
899421,69400,1,93,93,NA,NA,2,NA,NA,NA,NA,NA,NA,NA,NA,NA,631.72111029,631.72111029,NA,1
899421,69400,1,102,102,NA,NA,2,NA,NA,NA,NA,NA,NA,NA,NA,NA,834.98640423,834.98640423,NA,1
899421,69400,1,90,90,NA,NA,2,NA,NA,NA,NA,NA,NA,NA,NA,NA,572.16233333,572.16233333,NA,1
899421,69400,1,104,104,NA,NA,2,NA,NA,NA,NA,NA,NA,NA,NA,NA,885.41641666,885.41641666,NA,1
899421,69400,1,100,100,NA,NA,2,NA,NA,NA,NA,NA,NA,NA,NA,NA,786.51477488,786.51477488,NA,1
899436,68580,1,NA,NA,44,44,2,NA,NA,NA,NA,7,NA,NA,NA,NA,32.86245421,32.86245421,NA,1
899436,68580,1,NA,NA,41,41,2,NA,NA,NA,NA,NA,NA,NA,NA,NA,26.40650351,26.40650351,NA,1
899436,68580,1,NA,NA,72,72,2,NA,NA,NA,NA,13,NA,NA,NA,NA,151.05667047,151.05667047,NA,1
899436,68580,1,NA,NA,54,54,2,NA,NA,NA,NA,8,NA,NA,NA,NA,61.96879213,61.96879213,NA,1
899436,68580,1,NA,NA,51,51,2,NA,NA,NA,NA,NA,NA,NA,NA,NA,51.91443263,51.91443263,NA,1
899436,68580,1,NA,NA,38,38,2,NA,NA,NA,NA,NA,NA,NA,NA,NA,20.86895705,20.86895705,NA,1
899436,68580,1,NA,NA,42,42,2,NA,NA,NA,NA,NA,NA,NA,NA,NA,28.45279899,28.45279899,NA,1
899446,68580,1,NA,NA,87,87,1,NA,NA,NA,NA,17,NA,NA,NA,NA,271.45202457,271.45202457,NA,3.6
899446,68580,1,NA,NA,98,98,1,NA,NA,NA,NA,NA,NA,NA,NA,NA,392.50229277,392.50229277,NA,3.6
899446,68580,1,NA,NA,95,95,1,NA,NA,NA,NA,18,NA,NA,NA,NA,356.46888772,356.46888772,NA,3.6
899446,68580,1,NA,NA,84,84,1,NA,NA,NA,NA,16,NA,NA,NA,NA,243.49556361,243.49556361,NA,3.6
899446,68580,1,NA,NA,83,83,1,NA,NA,NA,NA,NA,NA,NA,NA,NA,234.6289733,234.6289733,NA,3.6
899446,68580,1,NA,NA,95,95,1,NA,NA,NA,NA,22,NA,NA,NA,NA,356.46888772,356.46888772,NA,3.6
899446,68580,1,NA,NA,96,96,1,NA,NA,NA,NA,NA,NA,NA,NA,NA,368.21950065,368.21950065,NA,3.6
899446,68580,1,NA,NA,101,101,1,NA,NA,NA,NA,NA,NA,NA,NA,NA,430.9249593,430.9249593,NA,3.6
899446,68580,1,NA,NA,92,92,1,NA,NA,NA,NA,17,NA,NA,NA,NA,322.74461217,322.74461217,NA,3.6
899446,68580,1,NA,NA,113,113,1,NA,NA,NA,NA,29,NA,NA,NA,NA,610.11911226,610.11911226,NA,3.6
899446,68580,1,NA,NA,92,92,1,NA,NA,NA,NA,NA,NA,NA,NA,NA,322.74461217,322.74461217,NA,3.6
899446,68580,1,NA,NA,91,91,1,NA,NA,NA,NA,15,NA,NA,NA,NA,312.00251216,312.00251216,NA,3.6
899446,68580,1,NA,NA,87,87,1,NA,NA,NA,NA,17,NA,NA,NA,NA,271.45202457,271.45202457,NA,3.6
899446,68580,1,NA,NA,94,94,1,NA,NA,NA,NA,NA,NA,NA,NA,NA,344.97484272,344.97484272,NA,3.6
899446,68580,1,NA,NA,94,94,1,NA,NA,NA,NA,NA,NA,NA,NA,NA,344.97484272,344.97484272,NA,3.6
899446,68580,1,NA,NA,91,91,1,NA,NA,NA,NA,17,NA,NA,NA,NA,312.00251216,312.00251216,NA,3.6
899446,68580,1,NA,NA,103,103,1,NA,NA,NA,NA,27,NA,NA,NA,NA,457.90711754,457.90711754,NA,3.6
899446,68580,1,NA,NA,91,91,1,NA,NA,NA,NA,NA,NA,NA,NA,NA,312.00251216,312.00251216,NA,3.6
899446,68580,1,NA,NA,105,105,1,NA,NA,NA,NA,25,NA,NA,NA,NA,486.01075673,486.01075673,NA,3.6
899446,68580,1,NA,NA,102,102,1,NA,NA,NA,NA,27,NA,NA,NA,NA,444.27734632,444.27734632,NA,3.6
899446,68580,1,NA,NA,95,95,1,NA,NA,NA,NA,16,NA,NA,NA,NA,356.46888772,356.46888772,NA,3.6
899446,68580,1,NA,NA,86,86,1,NA,NA,NA,NA,NA,NA,NA,NA,NA,261.90415777,261.90415777,NA,3.6
899446,68580,1,NA,NA,77,77,1,NA,NA,NA,NA,15,NA,NA,NA,NA,185.97318092,185.97318092,NA,3.6
899446,68580,1,NA,NA,91,91,1,NA,NA,NA,NA,NA,NA,NA,NA,NA,312.00251216,312.00251216,NA,3.6
899446,68580,1,NA,NA,104,104,1,NA,NA,NA,NA,NA,NA,NA,NA,NA,471.81725829,471.81725829,NA,3.6
899446,68580,1,NA,NA,109,109,1,NA,NA,NA,NA,NA,NA,NA,NA,NA,545.678188,545.678188,NA,3.6
899446,68580,1,NA,NA,97,97,1,NA,NA,NA,NA,18,NA,NA,NA,NA,380.22964637,380.22964637,NA,3.6
899446,68580,1,NA,NA,96,96,1,NA,NA,NA,NA,NA,NA,NA,NA,NA,368.21950065,368.21950065,NA,3.6
899446,68580,1,NA,NA,88,88,1,NA,NA,NA,NA,16,NA,NA,NA,NA,281.23285203,281.23285203,NA,3.6
899446,68580,1,NA,NA,106,106,1,NA,NA,NA,NA,16,NA,NA,NA,NA,500.49060382,500.49060382,NA,3.6
899446,68580,1,NA,NA,84,84,1,NA,NA,NA,NA,15,NA,NA,NA,NA,243.49556361,243.49556361,NA,3.6
899446,68580,1,NA,NA,93,93,1,NA,NA,NA,NA,NA,NA,NA,NA,NA,333.73440379,333.73440379,NA,3.6
899446,68580,1,NA,NA,97,97,1,NA,NA,NA,NA,25,NA,NA,NA,NA,380.22964637,380.22964637,NA,3.6
899446,68580,1,NA,NA,86,86,1,NA,NA,NA,NA,NA,NA,NA,NA,NA,261.90415777,261.90415777,NA,3.6
899446,68580,1,NA,NA,94,94,1,NA,NA,NA,NA,21,NA,NA,NA,NA,344.97484272,344.97484272,NA,3.6
899446,68580,1,NA,NA,90,90,1,NA,NA,NA,NA,NA,NA,NA,NA,NA,301.50515121,301.50515121,NA,3.6
899446,68580,1,NA,NA,81,81,1,NA,NA,NA,NA,NA,NA,NA,NA,NA,217.55657423,217.55657423,NA,3.6
899446,68580,1,NA,NA,88,88,1,NA,NA,NA,NA,13,NA,NA,NA,NA,281.23285203,281.23285203,NA,3.6
899446,68580,1,NA,NA,80,80,1,NA,NA,NA,NA,NA,NA,NA,NA,NA,209.34492297,209.34492297,NA,3.6
899446,68580,1,NA,NA,90,90,1,NA,NA,NA,NA,NA,NA,NA,NA,NA,301.50515121,301.50515121,NA,3.6
899446,68580,1,NA,NA,80,80,1,NA,NA,NA,NA,14,NA,NA,NA,NA,209.34492297,209.34492297,NA,3.6
899446,68580,1,NA,NA,92,92,1,NA,NA,NA,NA,NA,NA,NA,NA,NA,322.74461217,322.74461217,NA,3.6
899446,68580,1,NA,NA,80,80,1,NA,NA,NA,NA,15,NA,NA,NA,NA,209.34492297,209.34492297,NA,3.6
899446,68580,1,NA,NA,113,113,1,NA,NA,NA,NA,NA,NA,NA,NA,NA,610.11911226,610.11911226,NA,3.6
899446,68580,1,NA,NA,102,102,1,NA,NA,NA,NA,21,NA,NA,NA,NA,444.27734632,444.27734632,NA,3.6
899446,68580,1,NA,NA,107,107,1,NA,NA,NA,NA,25,NA,NA,NA,NA,515.25979329,515.25979329,NA,3.6
899446,68580,1,NA,NA,85,85,1,NA,NA,NA,NA,NA,NA,NA,NA,NA,252.58631517,252.58631517,NA,3.6
899446,68580,1,NA,NA,92,92,1,NA,NA,NA,NA,18,NA,NA,NA,NA,322.74461217,322.74461217,NA,3.6
899446,68580,1,NA,NA,95,95,1,NA,NA,NA,NA,18,NA,NA,NA,NA,356.46888772,356.46888772,NA,3.6
899446,68580,1,NA,NA,102,102,1,NA,NA,NA,NA,NA,NA,NA,NA,NA,444.27734632,444.27734632,NA,3.6
899446,68580,1,NA,NA,77,77,1,NA,NA,NA,NA,NA,NA,NA,NA,NA,185.97318092,185.97318092,NA,3.6
858757,68580,2,NA,NA,64,64,3,4,1,5,NA,NA,NA,NA,NA,NA,90.42244158,90.42244158,NA,4.0208
858757,68580,2,NA,NA,47,47,3,4,1,5,NA,NA,NA,NA,NA,NA,39.18100146,39.18100146,NA,4.0208
858757,68580,2,NA,NA,49,49,3,4,1,5,NA,NA,NA,NA,NA,NA,43.86315531,43.86315531,NA,4.0208
858757,68580,2,NA,NA,56,56,3,4,1,5,NA,NA,NA,NA,NA,NA,62.97788182,62.97788182,NA,4.0208
858757,68580,2,NA,NA,48,48,3,4,1,5,NA,NA,NA,NA,NA,NA,41.48041135,41.48041135,NA,4.0208
858757,68580,2,NA,NA,50,50,3,4,1,5,NA,NA,NA,NA,NA,NA,46.33046023,46.33046023,NA,4.0208
858757,68580,2,NA,NA,58,58,3,4,1,5,NA,NA,NA,NA,NA,NA,69.25800292,69.25800292,NA,4.0208
858757,68580,2,NA,NA,48,48,3,4,1,5,NA,NA,NA,NA,NA,NA,41.48041135,41.48041135,NA,4.0208
858757,68580,2,NA,NA,46,46,3,4,1,5,NA,NA,NA,NA,NA,NA,36.9636913,36.9636913,NA,4.0208
858757,68580,2,NA,NA,52,52,3,4,1,6,NA,NA,NA,NA,NA,NA,51.52362428,51.52362428,NA,4.0208
858757,68580,2,NA,NA,51,51,3,4,1,6,NA,NA,NA,NA,NA,NA,48.88354571,48.88354571,NA,4.0208
858757,68580,2,NA,NA,48,48,3,4,1,6,NA,NA,NA,NA,NA,NA,41.48041135,41.48041135,NA,4.0208
858757,68580,2,NA,NA,51,51,3,4,1,6,NA,NA,NA,NA,NA,NA,48.88354571,48.88354571,NA,4.0208
858757,68580,2,NA,NA,49,49,3,4,1,6,NA,NA,NA,NA,NA,NA,43.86315531,43.86315531,NA,4.0208
858757,68580,2,NA,NA,55,55,3,4,1,6,NA,NA,NA,NA,NA,NA,59.97784122,59.97784122,NA,4.0208
858757,68580,2,NA,NA,52,52,3,4,1,4,NA,NA,NA,NA,NA,NA,51.52362428,51.52362428,NA,4.0208
858757,68580,2,NA,NA,46,46,3,4,1,4,NA,NA,NA,NA,NA,NA,36.9636913,36.9636913,NA,4.0208
858757,68580,2,NA,NA,48,48,3,4,1,4,NA,NA,NA,NA,NA,NA,41.48041135,41.48041135,NA,4.0208
858757,68580,2,NA,NA,54,54,2,4,1,4,NA,NA,NA,NA,NA,NA,57.06957643,57.06957643,NA,4.0208
858757,68580,2,NA,NA,50,50,2,4,1,4,NA,NA,NA,NA,NA,NA,46.33046023,46.33046023,NA,4.0208
858757,68580,2,NA,NA,49,49,2,4,1,4,NA,NA,NA,NA,NA,NA,43.86315531,43.86315531,NA,4.0208
858757,68580,2,NA,NA,45,45,2,0,0,0,NA,NA,NA,NA,NA,NA,31.43785438,31.43785438,NA,4.0208
858757,68580,2,NA,NA,50,50,2,0,0,0,NA,NA,NA,NA,NA,NA,41.81970601,41.81970601,NA,4.0208
858757,68580,2,NA,NA,50,50,2,0,0,0,NA,NA,NA,NA,NA,NA,41.81970601,41.81970601,NA,4.0208
858757,68580,2,NA,NA,52,52,2,0,0,0,NA,NA,NA,NA,NA,NA,46.50648426,46.50648426,NA,4.0208
858757,68580,2,NA,NA,48,48,2,0,0,0,NA,NA,NA,NA,NA,NA,37.44251117,37.44251117,NA,4.0208
858757,68580,2,NA,NA,50,50,2,0,0,0,NA,NA,NA,NA,NA,NA,41.81970601,41.81970601,NA,4.0208
858757,68580,2,NA,NA,53,53,2,0,0,0,NA,NA,NA,NA,NA,NA,48.96869674,48.96869674,NA,4.0208
858757,68580,2,NA,NA,51,51,2,0,0,0,NA,NA,NA,NA,NA,NA,44.12384972,44.12384972,NA,4.0208
858757,68580,2,NA,NA,48,48,2,0,0,0,NA,NA,NA,NA,NA,NA,37.44251117,37.44251117,NA,4.0208
858757,68580,2,NA,NA,46,46,2,0,0,0,NA,NA,NA,NA,NA,NA,33.36607503,33.36607503,NA,4.0208
858757,68580,2,NA,NA,44,44,2,0,0,0,NA,NA,NA,NA,NA,NA,29.58146489,29.58146489,NA,4.0208
858757,68580,2,NA,NA,54,54,3,0,0,0,NA,NA,NA,NA,NA,NA,51.51156822,51.51156822,NA,4.0208
858757,68580,2,NA,NA,53,53,3,0,0,0,NA,NA,NA,NA,NA,NA,48.96869674,48.96869674,NA,4.0208
858757,68580,2,NA,NA,49,49,2,4,1,6,NA,NA,2,NA,NA,NA,43.86315531,43.86315531,NA,4.0208
858757,68580,1,NA,NA,55,55,2,NA,NA,NA,NA,NA,NA,NA,NA,NA,65.59259644,65.59259644,NA,4.8276
858757,68580,1,NA,NA,55,55,2,NA,NA,NA,NA,NA,NA,NA,NA,NA,65.59259644,65.59259644,NA,4.8276
858757,68580,1,NA,NA,61,61,2,NA,NA,NA,NA,NA,NA,NA,NA,NA,90.39188619,90.39188619,NA,4.8276
858757,68580,1,NA,NA,64,64,2,NA,NA,NA,NA,NA,NA,NA,NA,NA,104.88360453,104.88360453,NA,4.8276
858757,68580,1,NA,NA,73,73,2,NA,NA,NA,NA,NA,NA,NA,NA,NA,157.64985653,157.64985653,NA,4.8276
858757,68580,1,NA,NA,57,57,2,NA,NA,NA,NA,NA,NA,NA,NA,NA,73.26556882,73.26556882,NA,4.8276
858757,68580,1,NA,NA,46,46,2,NA,NA,NA,NA,NA,NA,NA,NA,NA,37.71316175,37.71316175,NA,4.8276
858757,68580,1,NA,NA,66,66,2,NA,NA,NA,NA,NA,NA,NA,NA,NA,115.37166875,115.37166875,NA,4.8276
858757,68580,1,NA,NA,56,56,2,NA,NA,NA,NA,NA,NA,NA,NA,NA,69.35725119,69.35725119,NA,4.8276
858757,68580,1,NA,NA,73,73,2,NA,NA,NA,NA,NA,NA,NA,NA,NA,157.64985653,157.64985653,NA,4.8276
858757,68580,1,NA,NA,57,57,2,NA,NA,NA,NA,NA,NA,NA,NA,NA,73.26556882,73.26556882,NA,4.8276
858757,68580,1,NA,NA,60,60,2,NA,NA,NA,NA,NA,NA,NA,NA,NA,85.88069613,85.88069613,NA,4.8276
858757,68580,1,NA,NA,56,56,2,NA,NA,NA,NA,NA,NA,NA,NA,NA,69.35725119,69.35725119,NA,4.8276
858757,68580,1,NA,NA,75,75,2,NA,NA,NA,NA,NA,NA,NA,NA,NA,171.41561635,171.41561635,NA,4.8276
858757,68580,1,NA,NA,54,54,2,NA,NA,NA,NA,NA,NA,NA,NA,NA,61.96879213,61.96879213,NA,4.8276
858757,68580,1,NA,NA,57,57,2,NA,NA,NA,NA,NA,NA,NA,NA,NA,73.26556882,73.26556882,NA,4.8276
858757,68580,1,NA,NA,52,52,2,NA,NA,NA,NA,NA,NA,NA,NA,NA,55.13251007,55.13251007,NA,4.8276
858757,68580,1,NA,NA,51,51,2,NA,NA,NA,NA,NA,NA,NA,NA,NA,51.91443263,51.91443263,NA,4.8276
858757,68580,1,NA,NA,55,55,2,NA,NA,NA,NA,NA,NA,NA,NA,NA,65.59259644,65.59259644,NA,4.8276
858757,68580,1,NA,NA,51,51,2,NA,NA,NA,NA,NA,NA,NA,NA,NA,51.91443263,51.91443263,NA,4.8276
858757,68580,1,NA,NA,58,58,2,NA,NA,NA,NA,NA,NA,NA,NA,NA,77.32036664,77.32036664,NA,4.8276
858757,68580,1,NA,NA,59,59,2,NA,NA,NA,NA,NA,NA,NA,NA,NA,81.52446679,81.52446679,NA,4.8276
858757,68580,1,NA,NA,53,53,2,NA,NA,NA,NA,NA,NA,NA,NA,NA,58.48303081,58.48303081,NA,4.8276
858757,68580,1,NA,NA,48,48,2,NA,NA,NA,NA,NA,NA,NA,NA,NA,43.02696642,43.02696642,NA,4.8276
858757,68580,1,NA,NA,56,56,2,NA,NA,NA,NA,NA,NA,NA,NA,NA,69.35725119,69.35725119,NA,4.8276
858757,68580,1,NA,NA,52,52,2,NA,NA,NA,NA,NA,NA,NA,NA,NA,55.13251007,55.13251007,NA,4.8276
858757,68580,1,NA,NA,61,61,2,NA,NA,NA,NA,NA,NA,NA,NA,NA,90.39188619,90.39188619,NA,4.8276
858757,68580,1,NA,NA,51,51,2,NA,NA,NA,NA,NA,NA,NA,NA,NA,51.91443263,51.91443263,NA,4.8276
858757,68580,1,NA,NA,57,57,2,NA,NA,NA,NA,NA,NA,NA,NA,NA,73.26556882,73.26556882,NA,4.8276
858757,68580,1,NA,NA,52,52,2,NA,NA,NA,NA,NA,NA,NA,NA,NA,55.13251007,55.13251007,NA,4.8276
858757,68580,1,NA,NA,51,51,2,NA,NA,NA,NA,NA,NA,NA,NA,NA,51.91443263,51.91443263,NA,4.8276
858757,68580,1,NA,NA,76,76,2,NA,NA,NA,NA,NA,NA,NA,NA,NA,178.59397457,178.59397457,NA,4.8276
858757,68580,1,NA,NA,66,66,2,NA,NA,NA,NA,NA,NA,NA,NA,NA,115.37166875,115.37166875,NA,4.8276
858757,68580,1,NA,NA,58,58,2,NA,NA,NA,NA,NA,NA,NA,NA,NA,77.32036664,77.32036664,NA,4.8276
858757,68580,1,NA,NA,48,48,2,NA,NA,NA,NA,NA,NA,NA,NA,NA,43.02696642,43.02696642,NA,4.8276
858757,68580,1,NA,NA,50,50,2,NA,NA,NA,NA,NA,NA,NA,NA,NA,48.82600645,48.82600645,NA,4.8276
858757,68580,1,NA,NA,55,55,2,NA,NA,NA,NA,NA,NA,NA,NA,NA,65.59259644,65.59259644,NA,4.8276
858757,68580,1,NA,NA,53,53,2,NA,NA,NA,NA,NA,NA,NA,NA,NA,58.48303081,58.48303081,NA,4.8276
858757,68580,1,NA,NA,61,61,2,NA,NA,NA,NA,NA,NA,NA,NA,NA,90.39188619,90.39188619,NA,4.8276
858757,68580,1,NA,NA,56,56,2,NA,NA,NA,NA,NA,NA,NA,NA,NA,69.35725119,69.35725119,NA,4.8276
858757,68580,1,NA,NA,66,66,2,NA,NA,NA,NA,NA,NA,NA,NA,NA,115.37166875,115.37166875,NA,4.8276
858757,68580,1,NA,NA,59,59,2,NA,NA,NA,NA,NA,NA,NA,NA,NA,81.52446679,81.52446679,NA,4.8276
858757,68580,1,NA,NA,66,66,2,NA,NA,NA,NA,NA,NA,NA,NA,NA,115.37166875,115.37166875,NA,4.8276
858757,68580,1,NA,NA,55,55,2,NA,NA,NA,NA,NA,NA,NA,NA,NA,65.59259644,65.59259644,NA,4.8276
858757,68580,1,NA,NA,70,70,2,NA,NA,NA,NA,NA,NA,NA,NA,NA,138.43525375,138.43525375,NA,4.8276
858757,68580,1,NA,NA,53,53,2,NA,NA,NA,NA,NA,NA,NA,NA,NA,58.48303081,58.48303081,NA,4.8276
858757,68580,1,NA,NA,78,78,2,NA,NA,NA,NA,NA,NA,NA,NA,NA,193.55613699,193.55613699,NA,4.8276
858757,68580,1,NA,NA,56,56,2,NA,NA,NA,NA,NA,NA,NA,NA,NA,69.35725119,69.35725119,NA,4.8276
858757,68580,1,NA,NA,58,58,2,NA,NA,NA,NA,NA,NA,NA,NA,NA,77.32036664,77.32036664,NA,4.8276
858757,68580,1,NA,NA,50,50,2,NA,NA,NA,NA,NA,NA,NA,NA,NA,48.82600645,48.82600645,NA,4.8276
858757,68580,1,NA,NA,67,67,2,NA,NA,NA,NA,NA,NA,NA,NA,NA,120.8723379,120.8723379,NA,4.8276
858757,68580,1,NA,NA,66,66,2,NA,NA,NA,NA,NA,NA,NA,NA,NA,115.37166875,115.37166875,NA,4.8276
858757,68580,1,NA,NA,67,67,2,NA,NA,NA,NA,NA,NA,NA,NA,NA,120.8723379,120.8723379,NA,4.8276
858757,68580,1,NA,NA,64,64,2,NA,NA,NA,NA,NA,NA,NA,NA,NA,104.88360453,104.88360453,NA,4.8276
858757,68580,1,NA,NA,64,64,2,NA,NA,NA,NA,NA,NA,NA,NA,NA,104.88360453,104.88360453,NA,4.8276
858757,68580,1,NA,NA,45,45,2,NA,NA,NA,NA,NA,NA,NA,NA,NA,35.23130087,35.23130087,NA,4.8276
858757,68580,1,NA,NA,48,48,2,NA,NA,NA,NA,NA,NA,NA,NA,NA,43.02696642,43.02696642,NA,4.8276
858757,68580,1,NA,NA,56,56,2,NA,NA,NA,NA,NA,NA,NA,NA,NA,69.35725119,69.35725119,NA,4.8276
858757,68580,1,NA,NA,53,53,2,NA,NA,NA,NA,NA,NA,NA,NA,NA,58.48303081,58.48303081,NA,4.8276
858757,68580,1,NA,NA,51,51,2,NA,NA,NA,NA,NA,NA,NA,NA,NA,51.91443263,51.91443263,NA,4.8276
858757,68580,1,NA,NA,58,58,2,NA,NA,NA,NA,NA,NA,NA,NA,NA,77.32036664,77.32036664,NA,4.8276
858757,68580,1,NA,NA,63,63,2,NA,NA,NA,NA,NA,NA,NA,NA,NA,99.89049751,99.89049751,NA,4.8276
858757,68580,1,NA,NA,51,51,2,NA,NA,NA,NA,NA,NA,NA,NA,NA,51.91443263,51.91443263,NA,4.8276
858757,68580,1,NA,NA,52,52,2,NA,NA,NA,NA,NA,NA,NA,NA,NA,55.13251007,55.13251007,NA,4.8276
858757,68580,1,NA,NA,63,63,2,NA,NA,NA,NA,NA,NA,NA,NA,NA,99.89049751,99.89049751,NA,4.8276
858757,68580,1,NA,NA,51,51,2,NA,NA,NA,NA,NA,NA,NA,NA,NA,51.91443263,51.91443263,NA,4.8276
858757,68580,1,NA,NA,54,54,2,NA,NA,NA,NA,NA,NA,NA,NA,NA,61.96879213,61.96879213,NA,4.8276
858757,68580,1,NA,NA,56,56,2,NA,NA,NA,NA,NA,NA,NA,NA,NA,69.35725119,69.35725119,NA,4.8276
858757,68580,1,NA,NA,54,54,2,NA,NA,NA,NA,NA,NA,NA,NA,NA,61.96879213,61.96879213,NA,4.8276
858757,68580,1,NA,NA,48,48,2,NA,NA,NA,NA,NA,NA,NA,NA,NA,43.02696642,43.02696642,NA,4.8276
858757,68580,1,NA,NA,47,47,2,NA,NA,NA,NA,NA,NA,NA,NA,NA,40.31079545,40.31079545,NA,4.8276
858757,68580,1,NA,NA,53,53,2,NA,NA,NA,NA,NA,NA,NA,NA,NA,58.48303081,58.48303081,NA,4.8276
858757,68580,1,NA,NA,69,69,3,NA,NA,NA,NA,NA,NA,NA,NA,NA,132.40126186,132.40126186,NA,4.8276
858757,68580,1,NA,NA,60,60,3,NA,NA,NA,NA,NA,NA,NA,NA,NA,85.88069613,85.88069613,NA,4.8276
858757,68580,1,NA,NA,57,57,3,NA,NA,NA,NA,NA,NA,NA,NA,NA,73.26556882,73.26556882,NA,4.8276
858757,68580,1,NA,NA,59,59,3,NA,NA,NA,NA,NA,NA,NA,NA,NA,81.52446679,81.52446679,NA,4.8276
858757,68580,1,NA,NA,57,57,3,NA,NA,NA,NA,NA,NA,NA,NA,NA,73.26556882,73.26556882,NA,4.8276
858757,68580,1,NA,NA,48,48,3,NA,NA,NA,NA,NA,NA,NA,NA,NA,43.02696642,43.02696642,NA,4.8276
858757,68580,1,NA,NA,44,44,3,NA,NA,NA,NA,NA,NA,NA,NA,NA,32.86245421,32.86245421,NA,4.8276
858757,68580,1,NA,NA,54,54,3,NA,NA,NA,NA,NA,NA,NA,NA,NA,61.96879213,61.96879213,NA,4.8276
858757,68580,1,NA,NA,42,42,3,NA,NA,NA,NA,NA,NA,NA,NA,NA,28.45279899,28.45279899,NA,4.8276
858757,68580,1,NA,NA,49,49,3,NA,NA,NA,NA,NA,NA,NA,NA,NA,45.86444482,45.86444482,NA,4.8276
858757,68580,1,NA,NA,69,69,3,NA,NA,NA,NA,NA,NA,NA,NA,NA,132.40126186,132.40126186,NA,4.8276
858757,68580,1,NA,NA,63,63,3,NA,NA,NA,NA,NA,NA,NA,NA,NA,99.89049751,99.89049751,NA,4.8276
858757,68580,1,NA,NA,57,57,3,NA,NA,NA,NA,NA,NA,NA,NA,NA,73.26556882,73.26556882,NA,4.8276
858757,68580,1,NA,NA,63,63,3,NA,NA,NA,NA,NA,NA,NA,NA,NA,99.89049751,99.89049751,NA,4.8276
858757,68580,1,NA,NA,59,59,3,NA,NA,NA,NA,NA,NA,NA,NA,NA,81.52446679,81.52446679,NA,4.8276
858757,68580,1,NA,NA,64,64,3,NA,NA,NA,NA,NA,NA,NA,NA,NA,104.88360453,104.88360453,NA,4.8276
858757,68580,1,NA,NA,52,52,3,NA,NA,NA,NA,NA,NA,NA,NA,NA,55.13251007,55.13251007,NA,4.8276
858757,68580,1,NA,NA,46,46,3,NA,NA,NA,NA,NA,NA,NA,NA,NA,37.71316175,37.71316175,NA,4.8276
858758,68580,2,NA,NA,47,47,2,4,1,5,NA,NA,NA,NA,NA,NA,39.18100146,39.18100146,NA,4.0952
858758,68580,2,NA,NA,47,47,2,4,1,5,NA,NA,NA,NA,NA,NA,39.18100146,39.18100146,NA,4.0952
858758,68580,2,NA,NA,50,50,2,4,1,5,NA,NA,NA,NA,NA,NA,46.33046023,46.33046023,NA,4.0952
858758,68580,2,NA,NA,51,51,2,4,1,5,NA,NA,NA,NA,NA,NA,48.88354571,48.88354571,NA,4.0952
858758,68580,2,NA,NA,48,48,2,4,1,5,NA,NA,NA,NA,NA,NA,41.48041135,41.48041135,NA,4.0952
858758,68580,2,NA,NA,50,50,2,4,1,5,NA,NA,NA,NA,NA,NA,46.33046023,46.33046023,NA,4.0952
858758,68580,2,NA,NA,51,51,2,4,1,5,NA,NA,NA,NA,NA,NA,48.88354571,48.88354571,NA,4.0952
858758,68580,2,NA,NA,47,47,2,4,1,5,NA,NA,NA,NA,NA,NA,39.18100146,39.18100146,NA,4.0952
858758,68580,2,NA,NA,48,48,2,4,1,6,NA,NA,NA,NA,NA,NA,41.48041135,41.48041135,NA,4.0952
858758,68580,2,NA,NA,53,53,2,4,1,6,NA,NA,NA,NA,NA,NA,54.25190156,54.25190156,NA,4.0952
858758,68580,2,NA,NA,54,54,2,4,1,6,NA,NA,NA,NA,NA,NA,57.06957643,57.06957643,NA,4.0952
858758,68580,2,NA,NA,48,48,2,4,1,6,NA,NA,NA,NA,NA,NA,41.48041135,41.48041135,NA,4.0952
858758,68580,2,NA,NA,58,58,2,4,1,6,NA,NA,NA,NA,NA,NA,69.25800292,69.25800292,NA,4.0952
858758,68580,2,NA,NA,47,47,2,4,1,6,NA,NA,NA,NA,NA,NA,39.18100146,39.18100146,NA,4.0952
858758,68580,2,NA,NA,52,52,2,4,1,6,NA,NA,NA,NA,NA,NA,51.52362428,51.52362428,NA,4.0952
858758,68580,2,NA,NA,51,51,3,4,1,5,NA,NA,NA,NA,NA,NA,48.88354571,48.88354571,NA,4.0952
858758,68580,2,NA,NA,53,53,3,4,1,5,NA,NA,NA,NA,NA,NA,54.25190156,54.25190156,NA,4.0952
858758,68580,2,NA,NA,50,50,3,4,1,5,NA,NA,NA,NA,NA,NA,46.33046023,46.33046023,NA,4.0952
858758,68580,2,NA,NA,55,55,3,4,1,5,NA,NA,NA,NA,NA,NA,59.97784122,59.97784122,NA,4.0952
858758,68580,2,NA,NA,52,52,3,4,1,5,NA,NA,NA,NA,NA,NA,51.52362428,51.52362428,NA,4.0952
858758,68580,2,NA,NA,48,48,3,4,1,5,NA,NA,NA,NA,NA,NA,41.48041135,41.48041135,NA,4.0952
858758,68580,2,NA,NA,57,57,3,4,1,5,NA,NA,NA,NA,NA,NA,66.07087788,66.07087788,NA,4.0952
858758,68580,2,NA,NA,40,40,3,4,1,5,NA,NA,NA,NA,NA,NA,25.31380612,25.31380612,NA,4.0952
858758,68580,2,NA,NA,58,58,3,4,1,5,NA,NA,NA,NA,NA,NA,69.25800292,69.25800292,NA,4.0952
858758,68580,2,NA,NA,50,50,3,4,1,5,NA,NA,NA,NA,NA,NA,46.33046023,46.33046023,NA,4.0952
858758,68580,2,NA,NA,54,54,3,4,1,5,NA,NA,NA,NA,NA,NA,57.06957643,57.06957643,NA,4.0952
858758,68580,2,NA,NA,55,55,3,4,1,5,NA,NA,NA,NA,NA,NA,59.97784122,59.97784122,NA,4.0952
858758,68580,2,NA,NA,52,52,3,4,1,5,NA,NA,NA,NA,NA,NA,51.52362428,51.52362428,NA,4.0952
858758,68580,2,NA,NA,57,57,3,4,1,5,NA,NA,NA,NA,NA,NA,66.07087788,66.07087788,NA,4.0952
858758,68580,2,NA,NA,51,51,3,4,1,5,NA,NA,NA,NA,NA,NA,48.88354571,48.88354571,NA,4.0952
858758,68580,2,NA,NA,57,57,3,4,1,5,NA,NA,NA,NA,NA,NA,66.07087788,66.07087788,NA,4.0952
858758,68580,2,NA,NA,50,50,3,4,1,5,NA,NA,NA,NA,NA,NA,46.33046023,46.33046023,NA,4.0952
858758,68580,2,NA,NA,44,44,3,4,1,5,NA,NA,NA,NA,NA,NA,32.77039418,32.77039418,NA,4.0952
858758,68580,2,NA,NA,54,54,3,4,1,5,NA,NA,NA,NA,NA,NA,57.06957643,57.06957643,NA,4.0952
858758,68580,2,NA,NA,58,58,3,4,1,5,NA,NA,NA,NA,NA,NA,69.25800292,69.25800292,NA,4.0952
858758,68580,2,NA,NA,50,50,3,4,1,5,NA,NA,NA,NA,NA,NA,46.33046023,46.33046023,NA,4.0952
858758,68580,2,NA,NA,54,54,3,4,1,5,NA,NA,NA,NA,NA,NA,57.06957643,57.06957643,NA,4.0952
858758,68580,2,NA,NA,47,47,3,4,1,5,NA,NA,NA,NA,NA,NA,39.18100146,39.18100146,NA,4.0952
858758,68580,2,NA,NA,49,49,3,4,1,5,NA,NA,NA,NA,NA,NA,43.86315531,43.86315531,NA,4.0952
858758,68580,2,NA,NA,53,53,3,4,1,5,NA,NA,NA,NA,NA,NA,54.25190156,54.25190156,NA,4.0952
858758,68580,2,NA,NA,57,57,3,4,1,5,NA,NA,NA,NA,NA,NA,66.07087788,66.07087788,NA,4.0952
858758,68580,2,NA,NA,54,54,3,4,1,5,NA,NA,NA,NA,NA,NA,57.06957643,57.06957643,NA,4.0952
858758,68580,2,NA,NA,52,52,3,4,1,6,NA,NA,NA,NA,NA,NA,51.52362428,51.52362428,NA,4.0952
858758,68580,2,NA,NA,58,58,3,4,1,6,NA,NA,NA,NA,NA,NA,69.25800292,69.25800292,NA,4.0952
858758,68580,2,NA,NA,54,54,3,4,1,6,NA,NA,NA,NA,NA,NA,57.06957643,57.06957643,NA,4.0952
